"Website","Order ID","Order Date","Purchase Order Number","Currency","Unit Price","Unit Price Tax","Shipping Charge","Total Discounts","Total Owed","Shipment Item Subtotal","Shipment Item Subtotal Tax","ASIN","Product Condition","Quantity","Payment Instrument Type","Order Status","Shipment Status","Ship Date","Shipping Option","Shipping Address","Billing Address","Carrier Name & Tracking Number","Product Name","Gift Message","Gift Sender Name","Gift Recipient Contact Details","Item Serial Number"
"Amazon.com","112-4586111-8769000","2025-09-29T01:34:22Z","Not Applicable","USD","16.99","1.02","0","0","18.01","16.99","1.02","B0CVS33SCJ","New","1","Visa - 4156","Closed","Shipped","2025-09-29T07:39:12.358Z","next-1dc","Pratham Pradhan 2216 Tradition Dr NE Grand Rapids Michigan 49505 United States","Pratham Pradhan 155 CASCADE BLVD APT 207 LANSING MI 48912-4049 United States","AMZN_US(TBA324711191994)","LIBOZA Rayon Kurti for Women - Short Chikankari Kurtis for Girls, Lakhnawi Tunic Top Kurta Design for Ladies, Woman Ethnic Kurthis Shirt with Sleeve (S, Petrol Blue)","Not Available","Not Available","Not Available","Not Available"
"Amazon.com","111-7981699-3884251","2025-09-20T20:35:48Z","Not Applicable","USD","16.98","0","0","'-1.7'","32.26","33.96","0","B0CND6BGC6","New","2","Gift Certificate/Card and Visa - 4156","Closed","Shipped","2025-09-27T01:26:25.887Z","std-sns-us","Pratham Pradhan 155 CASCADE BLVD APT 207 LANSING MI 48912-4049 United States","Pratham Pradhan 155 CASCADE BLVD APT 207 LANSING MI 48912-4049 United States","AMZN_US(TBA324653576347)","RXBAR Protein Bars, Protein Snack, Snack Bars, Variety Pack, 18.3oz Box (10 Bars)","Not Available","Not Available","Not Available","Not Available"
"Amazon.com","111-8109823-3222643","2025-09-20T02:29:16Z","Not Applicable","USD","20.64","0","0","'-1.03'","19.61","20.64","0","B0143NQVQ6","New","1","Gift Certificate/Card and Visa - 4156","Closed","Shipped","2025-09-27T01:29:22.708Z","std-sns-us","Pratham Pradhan 155 CASCADE BLVD APT 207 LANSING MI 48912-4049 United States","Pratham Pradhan 155 CASCADE BLVD APT 207 LANSING MI 48912-4049 United States","AMZN_US(TBA324653576347)","RXBAR Protein Bars, Protein Snack, Snack Bars, Chocolate Sea Salt, 22oz Box (12 Bars)","Not Available","Not Available","Not Available","Not Available"
"Amazon.com","111-4296331-4890609","2025-09-13T19:23:34Z","Not Applicable","USD","19.99","1.2","0","0","21.19","19.99","1.2","B0CJ96NDCM","New","1","Gift Certificate/Card","Closed","Shipped","2025-09-15T02:13:35.937Z","next-1dc","Pratham Pradhan 155 CASCADE BLVD APT 207 LANSING MI 48912-4049 United States","Pratham Pradhan 155 CASCADE BLVD APT 207 LANSING MI 48912-4049 United States","AMZN_US(TBA324360522213)","JMIERR Mens Lightweight Cotton Essential Hoodies Winter Casual 1/4 Sweatshirts Loose Fit Drawstring Pullover Shrits Sweater, US40(M), Chestnut","Not Available","Not Available","Not Available","Not Available"
"Amazon.com","111-1941830-9321806","2025-08-24T22:12:49Z","Not Applicable","USD","32.91","1.78","0","'-3.29'","31.4","32.91","1.78","B0BVBX39B7","New","1","Visa - 4156","Closed","Shipped","2025-08-26T16:47:47.577Z","second-nominated-day","Pratham Pradhan 155 CASCADE BLVD APT 207 LANSING MI 48912-4049 United States","Pratham Pradhan 2216 Tradition Dr NE Grand Rapids Michigan 49505 United States","AMZN_US(TBA323899806632)","Dove Body Wash with Pump 3 Count Glowing Mango & Almond Butter for Renewed, Healthy-Looking Skin Gentle Skin Cleanser with 24hr Renewing MicroMoisture 30.6 oz","Not Available","Not Available","Not Available","Not Available"
"Amazon.com","111-5047974-6757834","2025-08-24T01:58:31Z","Not Applicable","USD","17.07","0","0","'-0.85'","16.22","17.07","0","B08LJ443YP","New","1","Visa - 4156","Closed","Shipped","2025-08-26T16:09:00.629Z","next-1dc","Pratham Pradhan 155 CASCADE BLVD APT 207 LANSING MI 48912-4049 United States","Pratham Pradhan 2216 Tradition Dr NE Grand Rapids Michigan 49505 United States","AMZN_US(TBA323902216656)","365 by Whole Foods Market, Lion's Mane Mushroom 500mcg, Vegan, 90 Count","Not Available","Not Available","Not Available","Not Available"
"Amazon.com","111-5047974-6757834","2025-08-24T01:58:31Z","Not Applicable","USD","9.98","0.6","0","0","10.58","9.98","0.6","B09V366BDY","New","1","Visa - 4156","Closed","Shipped","2025-08-25T03:54:51Z","next-1dc","Pratham Pradhan 155 CASCADE BLVD APT 207 LANSING MI 48912-4049 United States","Pratham Pradhan 2216 Tradition Dr NE Grand Rapids Michigan 49505 United States","AMZN_US(TBA323865483756)","KSIPZE 100ft Led Strip Lights RGB Music Sync Color Changing Bluetooth Led Lights with Smart App Control Remote Led Lights for Bedroom Room Lighting Flexible Home Décor","Not Available","Not Available","Not Available","Not Available"
"Amazon.com","111-7209547-0377805","2025-08-24T01:49:57Z","Not Applicable","USD","15.99","0","0","'-1.6'","30.38","31.98","0","B0CND6BGC6","New","2","Visa - 4156","Closed","Shipped","2025-08-25T03:54:56.036Z","next-1dc","Pratham Pradhan 155 CASCADE BLVD APT 207 LANSING MI 48912-4049 United States","Pratham Pradhan 2216 Tradition Dr NE Grand Rapids Michigan 49505 United States","AMZN_US(TBA323865483756)","RXBAR Protein Bars, Protein Snack, Snack Bars, Variety Pack, 18.3oz Box (10 Bars)","Not Available","Not Available","Not Available","Not Available"
"Amazon.com","112-5885123-0192268","2025-08-23T23:52:43.853Z","Not Applicable","USD","21.34","0","0","0","0","Not Available","Not Available","B0143NQVQ6","New","0","Visa - 7021","Cancelled","Not Available","Not Available","next-1dc","Pratham Pradhan 4404 GREENLEE AVE CINCINNATI OH 45217-1802 United States","Pratham Pradhan 4404 GREENLEE AVE CINCINNATI OH 45217-1802 United States","Not Available","RXBAR Protein Bars, Protein Snack, Snack Bars, Chocolate Sea Salt, 22oz Box (12 Bars)","Not Available","Not Available","Not Available","Not Available"
"Amazon.com","112-2960408-3376233","2025-08-13T14:01:16Z","Not Applicable","USD","28.45","0","0","0","28.45","28.45","0","B07PXNNFGT","New","1","Visa - 7021","Closed","Shipped","2025-08-13T15:21:17.292Z","rush","Pratham Pradhan 4404 GREENLEE AVE CINCINNATI OH 45217-1802 United States","Pratham Pradhan 4404 GREENLEE AVE CINCINNATI OH 45217-1802 United States","AMZN_US(TBA323582755975)","Orgain Organic Vegan Protein + 50 Superfoods Powder, Vanilla Bean - 21g Plant Based Protein, 8g Prebiotic Fiber, No Lactose Ingredients, Gluten Free, No Added Sugar, Non-GMO, 2.02 lb","Not Available","Not Available","Not Available","Not Available"
"Amazon.com","111-6409392-0624269","2025-07-26T23:16:10Z","Not Applicable","USD","16.99","1.02","0","0","18.01","16.99","1.02","B0CN4FK5M5","New","1","Visa - 7021","Closed","Shipped","2025-07-28T05:56:38.569Z","expd-consolidated-us","Pradhan,Pratham 2216 TRADITION DR NE GRAND RAPIDS MI 49505-3985 United States","Pratham Pradhan 4404 GREENLEE AVE CINCINNATI OH 45217-1802 United States","AMZN_US(TBA323167489876)","Touchstone NEW Indian Bollywood Fashion Handcrafted Peeled Pattern Textured Dark Blue Golden Dots Antique Look Attractive Designer Jewelry Bracelets Bangle. Set Of 25. For Women","Not Available","Not Available","Not Available","Not Available"
"Amazon.com","111-6409392-0624269","2025-07-26T23:16:10Z","Not Applicable","USD","26.99","1.62","0","0","28.61","26.99","1.62","B0CFB1NMTW","New","1","Visa - 7021","Closed","Shipped","2025-07-27T03:48:09Z","expd-consolidated-us","Pradhan,Pratham 2216 TRADITION DR NE GRAND RAPIDS MI 49505-3985 United States","Pratham Pradhan 4404 GREENLEE AVE CINCINNATI OH 45217-1802 United States","AMZN_US(TBA323157261751)","Scout Nature Cotton Storage Bag/Covers For Storage Set Of -12 Big Size Single 16 X 14 Inches | Saree Bag for Clothing Store | Transparent window","Not Available","Not Available","Not Available","Not Available"
"Amazon.com","111-6409392-0624269","2025-07-26T23:16:10Z","Not Applicable","USD","16.99","1.02","0","0","18.01","16.99","1.02","B0CP7YNLPK","New","1","Visa - 7021","Closed","Shipped","2025-07-27T03:25:37Z","expd-consolidated-us","Pradhan,Pratham 2216 TRADITION DR NE GRAND RAPIDS MI 49505-3985 United States","Pratham Pradhan 4404 GREENLEE AVE CINCINNATI OH 45217-1802 United States","AMZN_US(TBA323155213203)","Touchstone NEW Indian Bollywood Fresh Fashion Handcrafted Exotic Cut Metal Grain Work Textured Black Color Wrist Beautifier Designer Jewelry Bracelets Bangle. Set Of 24. For Women","Not Available","Not Available","Not Available","Not Available"
"Amazon.com","112-9668243-9509803","2025-07-20T00:12:06Z","Not Applicable","USD","45","3.51","0","0","48.51","45","3.51","0578973839","New","1","Visa - 7021","Closed","Shipped","2025-07-20T07:17:13.861Z","rush","Pratham Pradhan 4404 GREENLEE AVE CINCINNATI OH 45217-1802 United States","Pratham Pradhan 4404 GREENLEE AVE CINCINNATI OH 45217-1802 United States","AMZN_US(TBA323000211960)","Ace the Data Science Interview: 201 Real Interview Questions Asked By FAANG, Tech Startups, & Wall Street","Not Available","Not Available","Not Available","Not Available"
"Amazon.com","112-9668243-9509803","2025-07-20T00:12:06Z","Not Applicable","USD","30.9","0","0","0","0","Not Available","Not Available","1736049127","New","0","Visa - 7021","Closed","Not Available","Not Available","rush","Pratham Pradhan 4404 GREENLEE AVE CINCINNATI OH 45217-1802 United States","Pratham Pradhan 4404 GREENLEE AVE CINCINNATI OH 45217-1802 United States","Not Available","Machine Learning System Design Interview","Not Available","Not Available","Not Available","Not Available"
"Amazon.com","111-8515136-8341846","2025-07-13T23:33:55Z","Not Applicable","USD","49.99","3.9","0","0","53.89","49.99","3.9","B08MYK186C","Used","1","Visa - 7021","Closed","Shipped","2025-07-14T14:38:48.794Z","Std US D2D Dom","Pratham Pradhan 4404 GREENLEE AVE CINCINNATI OH 45217-1802 United States","Pratham Pradhan 4404 GREENLEE AVE CINCINNATI OH 45217-1802 United States","USPS(9400150105496012643536)","JBL Go 3 - Portable Mini Bluetooth Speaker, big audio and punchy bass, IP67 waterproof and dustproof, 5 hours of playtime, speaker for home, outdoor and travel (Green)","Not Available","Not Available","Not Available","Not Available"
"Amazon.com","113-6457099-9983414","2025-07-12T10:11:42Z","Not Applicable","USD","21.68","0","0","'-1.08'","20.6","21.68","0","B00J074W7Q","New","1","Visa - 4156","Closed","Shipped","2025-07-19T00:41:53.797Z","std-sns-us","Pratham Pradhan 4404 GREENLEE AVE CINCINNATI OH 45217-1802 United States","Pratham Pradhan 2216 Tradition Dr NE Grand Rapids Michigan 49505 United States","AMZN_US(TBA322961367558)","Orgain Organic Vegan Protein Powder, Vanilla Bean - 21g Plant Protein, 4g Prebiotic Fiber, No Lactose Ingredients, No Added Sugar, Non-GMO, For Shakes & Smoothies, 2.03 lb (Packaging May Vary)","Not Available","Not Available","Not Available","Not Available"
"Amazon.com","112-2873652-4561008","2025-07-12T02:00:51Z","Not Applicable","USD","21.2","1.65","0","0","22.85","38.19","2.98","B072HJ4KW1","New","1","Visa - 7021","Closed","Shipped","2025-07-12T23:15:02.313Z","expd-consolidated-us","Pratham Pradhan 4404 GREENLEE AVE CINCINNATI OH 45217-1802 United States","Pratham Pradhan 4404 GREENLEE AVE CINCINNATI OH 45217-1802 United States","AMZN_US(TBA322804994964)","AEOLOS Knee Sleeves (1 Pair)，7mm Compression Knee Braces for Heavy-Lifting,Squats,Gym and Other Sports (Large, Black)","Not Available","Not Available","Not Available","Authenticity_2D=AZ:6HCF8INWORDCBMOMRCATH16IDY"
"Amazon.com","112-2873652-4561008","2025-07-12T02:00:51Z","Not Applicable","USD","16.99","1.33","0","0","18.32","38.19","2.98","B07BSV8CTK","New","1","Visa - 7021","Closed","Shipped","2025-07-12T23:15:02.313Z","expd-consolidated-us","Pratham Pradhan 4404 GREENLEE AVE CINCINNATI OH 45217-1802 United States","Pratham Pradhan 4404 GREENLEE AVE CINCINNATI OH 45217-1802 United States","AMZN_US(TBA322804994964)","Gymreapers Weightlifting Wrist Wraps (Competition Grade) 18"" Professional Quality Wrist Support with Heavy Duty Thumb Loop - Strength Training, Bodybuilding(Military Green,18"")","Not Available","Not Available","Not Available","Not Available"
"Amazon.com","112-3970657-8671430","2025-07-02T10:59:25Z","Not Applicable","USD","14.99","0.9","0","0","15.89","14.99","0.9","B09R1ZKH94","New","1","Visa - 7021","Closed","Shipped","2025-07-02T18:22:01.193Z","next-1dc","Pradhan,Pratham 2216 TRADITION DR NE GRAND RAPIDS MI 49505-3985 United States","Pratham Pradhan 4404 GREENLEE AVE CINCINNATI OH 45217-1802 United States","AMZN_US(TBA322531791722)","Efulgenz Rhinestone Crystal Bangles for Women - Indian Bollywood Wedding Jewelry Set - CZ Plain Metal Bracelet Bangle","Not Available","Not Available","Not Available","Not Available"
"Amazon.com","112-3763405-4195425","2025-07-01T22:49:18Z","Not Applicable","USD","8.99","0.54","0","0","9.53","8.99","0.54","B0CH9DVGBS","New","1","Visa - 7021","Closed","Shipped","2025-07-02T21:08:18.255Z","next-1dc","Pradhan,Pratham 2216 TRADITION DR NE GRAND RAPIDS MI 49505-3985 United States","Pratham Pradhan 4404 GREENLEE AVE CINCINNATI OH 45217-1802 United States","AMZN_US(TBA322525241735)","Boho Chandelier Drop Dangle Earrings for Women Traditional Indian Crystal Flowers Jhumka Jhumki Drop Dangling Pendant Earring Mexico Tassel Studs Ethnic Style Bollywood Vintage Christmas Jewelry (Black)","Not Available","Not Available","Not Available","Not Available"
"Amazon.com","112-3763405-4195425","2025-07-01T22:49:18Z","Not Applicable","USD","16.99","0","0","0","0","Not Available","Not Available","B0C1X14QS5","New","0","Visa - 7021","Closed","Not Available","Not Available","next-1dc","Pradhan,Pratham 2216 TRADITION DR NE GRAND RAPIDS MI 49505-3985 United States","Pratham Pradhan 4404 GREENLEE AVE CINCINNATI OH 45217-1802 United States","Not Available","RIANGI Desi Designer Indian Bangles For Women, Set Of 22 Ethnic Alloy Metal Bangles Indian, Womens Bangles Bracelets, Bollywood Jewelry, Wedding Jewelry, Party Favors In Gold And Black Tone","Not Available","Not Available","Not Available","Not Available"
"Amazon.com","112-1006447-3628229","2025-07-01T01:03:51Z","Not Applicable","USD","14.68","0","0","0","44.04","51.02","0","B0143NQW2E","New","3","Visa - 4156","Closed","Shipped","2025-07-01T08:42:43.699Z","scheduled-houdini","Pratham Pradhan 4404 GREENLEE AVE CINCINNATI OH 45217-1802 United States","Pratham Pradhan 2216 Tradition Dr NE Grand Rapids Michigan 49505 United States","RABBIT(G626BXVRNHRLTDSVBDPC)","RXBAR Protein Bars, Protein Snack, Snack Bars, Blueberry, 22Oz Box (12 Bars)","Not Available","Not Available","Not Available","Not Available"
"Amazon.com","112-1006447-3628229","2025-07-01T01:03:51Z","Not Applicable","USD","6.98","0","0","0","6.98","51.02","0","B0823C1Y9T","New","1","Visa - 4156","Closed","Shipped","2025-07-01T08:42:43.699Z","scheduled-houdini","Pratham Pradhan 4404 GREENLEE AVE CINCINNATI OH 45217-1802 United States","Pratham Pradhan 2216 Tradition Dr NE Grand Rapids Michigan 49505 United States","RABBIT(G626BXVRNHRLTDSVBDPC)","RXBAR Protein Bars, Protein Snack, Snack Bars, Peanut Butter Chocolate, 9.1oz Box (5 Bars)","Not Available","Not Available","Not Available","Not Available"
"Amazon.com","112-5971028-7585864","2025-06-21T04:27:06Z","Not Applicable","USD","30.98","0","0","'-1.55'","29.43","30.98","0","B00J074W7Q","New","1","Visa - 4156","Closed","Shipped","2025-06-27T16:10:43.603Z","std-sns-us","Pratham Pradhan 4404 GREENLEE AVE CINCINNATI OH 45217-1802 United States","Pratham Pradhan 2216 Tradition Dr NE Grand Rapids Michigan 49505 United States","USPS(9361289690050314593832)","Orgain Organic Vegan Protein Powder, Vanilla Bean - 21g Plant Protein, 6g Prebiotic Fiber, No Lactose Ingredients, No Added Sugar, Non-GMO, For Shakes & Smoothies, 2.03 lb (Packaging May Vary)","Not Available","Not Available","Not Available","Not Available"
"Amazon.com","111-5454248-8548208","2025-06-14T21:58:44Z","Not Applicable","USD","25","0","0","0","25","25","0","B00NVUDIZ0","New","1","Visa - 4156","Closed","Shipped","2025-06-16T05:41:14.528Z","next-1dc","Pradhan,Pratham 2216 TRADITION DR NE GRAND RAPIDS MI 49505-3985 United States","Pratham Pradhan 2216 Tradition Dr NE Grand Rapids Michigan 49505 United States","AMZN_US(TBA322116976246)","Starbucks Holiday $25 Gift Card","Not Available","Not Available","Not Available","GCSN=076750108000006321223623648412"
"Amazon.com","111-5454248-8548208","2025-06-14T21:58:44Z","Not Applicable","USD","34.99","2.1","0","0","37.09","34.99","2.1","B0BD3TJF61","New","1","Visa - 4156","Closed","Shipped","2025-06-15T04:04:14.993Z","next-1dc","Pradhan,Pratham 2216 TRADITION DR NE GRAND RAPIDS MI 49505-3985 United States","Pratham Pradhan 2216 Tradition Dr NE Grand Rapids Michigan 49505 United States","AMZN_US(TBA322118250057)","Birthday Gifts for Men Dad, Kollea Gun Whiskey Decanter Set with Shot Glass, Cool Anniversary Fathers Gifts Ideas for Him Husband Brother, Funny Military Retirement Present, Home Bar Drinking Party","Happy Father's day, Baba
From Bubun","Bubun","Not Available","Not Available"
"Amazon.com","111-9936210-2096215","2025-06-07T23:09:09Z","Not Applicable","USD","448","34.94","0","0","482.94","448","34.94","B0F3PT1VBL","New","1","Gift Certificate/Card and Visa - 7021","Closed","Shipped","2025-06-08T06:20:53.366Z","next-1dc","Pratham Pradhan 4404 GREENLEE AVE CINCINNATI OH 45217-1802 United States","Pratham Pradhan 4404 GREENLEE AVE CINCINNATI OH 45217-1802 United States","AMZN_US(TBA321951513753)","Sony WH-1000XM6 The Best Wireless Noise Canceling Headphones, HD NC Processor QN3, 12 Microphones, Adaptive NC Optimizer, Mastered by Engineers, Studio-Quality, 30-Hour Battery, Midnight Blue","Not Available","Not Available","Not Available","Not Available"
"Amazon.com","111-4437190-2550650","2025-06-03T00:34:48Z","Not Applicable","USD","30.98","0","0","'-1.55'","29.43","55.2","1.89","B00J074W7Q","New","1","Visa - 4156","Closed","Shipped","2025-06-05T06:30:06.846Z","second-nominated-day","Pratham Pradhan 4404 GREENLEE AVE CINCINNATI OH 45217-1802 United States","Pratham Pradhan 2216 Tradition Dr NE Grand Rapids Michigan 49505 United States","AMZN_US(TBA321867781043)","Orgain Organic Vegan Protein Powder, Vanilla Bean - 21g Plant Protein, 6g Prebiotic Fiber, No Lactose Ingredients, No Added Sugar, Non-GMO, For Shakes & Smoothies, 2.03 lb (Packaging May Vary)","Not Available","Not Available","Not Available","Not Available"
"Amazon.com","111-4437190-2550650","2025-06-03T00:34:48Z","Not Applicable","USD","14.94","1.17","0","0","16.11","55.2","1.89","B07YLJPMC3","New","1","Visa - 4156","Closed","Shipped","2025-06-05T06:30:06.846Z","second-nominated-day","Pratham Pradhan 4404 GREENLEE AVE CINCINNATI OH 45217-1802 United States","Pratham Pradhan 2216 Tradition Dr NE Grand Rapids Michigan 49505 United States","AMZN_US(TBA321867781043)","CeraVe Acne Foaming Cream Cleanser, 4% Benzoyl Peroxide Face Wash With Hyaluronic Acid, Niacinamide & Ceramides, Gentle Daily Acne Treatment For Face","Not Available","Not Available","Not Available","Not Available"
"Amazon.com","111-4437190-2550650","2025-06-03T00:34:48Z","Not Applicable","USD","9.28","0.72","0","0","10","55.2","1.89","B00XAGZOCU","New","1","Visa - 4156","Closed","Shipped","2025-06-05T06:30:06.846Z","second-nominated-day","Pratham Pradhan 4404 GREENLEE AVE CINCINNATI OH 45217-1802 United States","Pratham Pradhan 2216 Tradition Dr NE Grand Rapids Michigan 49505 United States","AMZN_US(TBA321867781043)","Dove Fresh Touch Shower Gel 16.9oz (500ml)","Not Available","Not Available","Not Available","Not Available"
"Amazon.com","112-1253248-2520219","2025-06-02T13:25:31Z","Not Applicable","USD","21.66","0","0","0","21.66","46.99","0.31","B0143NQW2E","New","1","Visa - 4156","Closed","Shipped","2025-06-03T05:15:47Z","next-1dc","Pratham Pradhan 4404 GREENLEE AVE CINCINNATI OH 45217-1802 United States","Pratham Pradhan 2216 Tradition Dr NE Grand Rapids Michigan 49505 United States","AMZN_US(TBA321829515658)","RXBAR Protein Bars, Protein Snack, Snack Bars, Blueberry, 22Oz Box (12 Bars)","Not Available","Not Available","Not Available","Not Available"
"Amazon.com","112-1253248-2520219","2025-06-02T13:25:31Z","Not Applicable","USD","6.97","0.54","0","0","7.51","6.97","0.54","B0014E2Q8K","New","1","Visa - 4156","Closed","Shipped","2025-06-10T11:52:48.233Z","next-1dc","Pratham Pradhan 4404 GREENLEE AVE CINCINNATI OH 45217-1802 United States","Pratham Pradhan 2216 Tradition Dr NE Grand Rapids Michigan 49505 United States","AMZN_US(TBA322006081707)","NIVEA MEN Sensitive Soothing Post Shave Balm with Vitamin E, Pro-Vitamin B5 and Chamomile Extract, Alcohol Free After Shave Balm for Men, 3.3 Fl Oz Bottle","Not Available","Not Available","Not Available","Not Available"
"Amazon.com","112-1253248-2520219","2025-06-02T13:25:31Z","Not Applicable","USD","3.99","0.31","0","0","4.3","46.99","0.31","B0CNX38Z3B","New","1","Visa - 4156","Closed","Shipped","2025-06-03T05:15:47Z","next-1dc","Pratham Pradhan 4404 GREENLEE AVE CINCINNATI OH 45217-1802 United States","Pratham Pradhan 2216 Tradition Dr NE Grand Rapids Michigan 49505 United States","AMZN_US(TBA321829515658)","10K 8K HDMI Cable 2.1, Available 1.5FT, 3.3FT, 5FT, 6.6FT, 10FT, 13FT, 16FT, 20FT, 25FT Lengths for Selection,Ultra High Speed HDMI Cables Braided Cord 48Gbps, 8K@60Hz /4K@120Hz, HDCP 2.2&2.3","Not Available","Not Available","Not Available","Not Available"
"Amazon.com","112-1253248-2520219","2025-06-02T13:25:31Z","Not Applicable","USD","21.34","0","0","0","21.34","46.99","0.31","B0143NQVQ6","New","1","Visa - 4156","Closed","Shipped","2025-06-03T05:15:47Z","next-1dc","Pratham Pradhan 4404 GREENLEE AVE CINCINNATI OH 45217-1802 United States","Pratham Pradhan 2216 Tradition Dr NE Grand Rapids Michigan 49505 United States","AMZN_US(TBA321829515658)","RXBAR Protein Bars, Protein Snack, Snack Bars, Chocolate Sea Salt, 22oz Box (12 Bars)","Not Available","Not Available","Not Available","Not Available"
"Amazon.com","111-3625447-5157836","2025-05-18T03:02:15Z","Not Applicable","USD","29.71","0","0","0","29.71","29.71","0","B07PXNNFGT","New","1","Visa - 4156","Closed","Shipped","2025-05-18T12:29:36.381Z","rush","Pratham Pradhan 4404 GREENLEE AVE CINCINNATI OH 45217-1802 United States","Pratham Pradhan 2216 Tradition Dr NE Grand Rapids Michigan 49505 United States","AMZN_US(TBA321467317166)","Orgain Organic Vegan Protein + 50 Superfoods Powder, Vanilla Bean - 21g Plant Based Protein, 8g Prebiotic Fiber, No Lactose Ingredients, Gluten Free, No Added Sugar, Non-GMO, 2.02 lb","Not Available","Not Available","Not Available","Not Available"
"Amazon.com","112-0887968-1832202","2025-05-17T04:34:39Z","Not Applicable","USD","21.5","1.68","0","0","23.18","21.5","1.68","B00GL2HMES","New","1","Visa - 4156","Closed","Shipped","2025-05-18T01:26:58.234Z","next-1dc","Pratham Pradhan 4404 GREENLEE AVE CINCINNATI OH 45217-1802 United States","Pratham Pradhan 2216 Tradition Dr NE Grand Rapids Michigan 49505 United States","AMZN_US(TBA321456651712)","Nutricost Creatine Monohydrate Micronized Powder 500G, 5000mg Per Serv (5g) - 100 Servings, 17.9 Oz","Not Available","Not Available","Not Available","Not Available"
"Amazon.com","112-9743947-0675412","2025-05-14T20:04:18Z","Not Applicable","USD","20.41","0","0","0","20.41","40.72","0","B0143NQVI4","New","1","Gift Certificate/Card and Visa - 4156","Closed","Shipped","2025-05-15T01:02:19.279Z","rush","Pradhan,Pratham 2216 TRADITION DR NE GRAND RAPIDS MI 49505-3985 United States","Pratham Pradhan 2216 Tradition Dr NE Grand Rapids Michigan 49505 United States","AMZN_US(TBA321385735700)","RXBAR Protein Bars, Protein Snack, Snack Bars, Coconut Chocolate, 22oz Box (12 Bars)","Not Available","Not Available","Not Available","Not Available"
"Amazon.com","112-9743947-0675412","2025-05-14T20:04:18Z","Not Applicable","USD","20.31","0","0","0","20.31","40.72","0","B09WX8RYGN","New","1","Gift Certificate/Card and Visa - 4156","Closed","Shipped","2025-05-15T01:02:19.279Z","rush","Pradhan,Pratham 2216 TRADITION DR NE GRAND RAPIDS MI 49505-3985 United States","Pratham Pradhan 2216 Tradition Dr NE Grand Rapids Michigan 49505 United States","AMZN_US(TBA321385735700)","RXBAR Nut Butter and Oat Protein Bars, Protein Snacks, Snack Bars, Blueberry Cashew Butter, 23.2oz Box (12 Bars)","Not Available","Not Available","Not Available","Not Available"
"Amazon.com","112-9076527-7209056","2025-05-14T19:59:54.263Z","Not Applicable","USD","20.31","0","0","0","0","Not Available","Not Available","B09WX8RYGN","New","0","Gift Certificate/Card and Visa - 4156","Cancelled","Not Available","Not Available","next-1dc","Pratham Pradhan 1191 GARDEN CITY RD APT 1704 RM 104 EAST LANSING MI 48823-6014 United States","Pratham Pradhan 2216 Tradition Dr NE Grand Rapids Michigan 49505 United States","Not Available","RXBAR Nut Butter and Oat Protein Bars, Protein Snacks, Snack Bars, Blueberry Cashew Butter, 23.2oz Box (12 Bars)","Not Available","Not Available","Not Available","Not Available"
"Amazon.com","112-9076527-7209056","2025-05-14T19:59:54.263Z","Not Applicable","USD","20.41","0","0","0","0","Not Available","Not Available","B0143NQVI4","New","0","Gift Certificate/Card and Visa - 4156","Cancelled","Not Available","Not Available","next-1dc","Pratham Pradhan 1191 GARDEN CITY RD APT 1704 RM 104 EAST LANSING MI 48823-6014 United States","Pratham Pradhan 2216 Tradition Dr NE Grand Rapids Michigan 49505 United States","Not Available","RXBAR Protein Bars, Protein Snack, Snack Bars, Coconut Chocolate, 22oz Box (12 Bars)","Not Available","Not Available","Not Available","Not Available"
"Amazon.com","112-7629585-7486654","2025-05-14T05:10:56.597Z","Not Applicable","USD","20.31","0","0","0","0","Not Available","Not Available","B09WX8RYGN","New","0","Gift Certificate/Card and Visa - 4156","Cancelled","Not Available","Not Available","rush","Pratham Pradhan 1191 GARDEN CITY RD APT 1704 RM 104 EAST LANSING MI 48823-6014 United States","Pratham Pradhan 2216 Tradition Dr NE Grand Rapids Michigan 49505 United States","Not Available","RXBAR Nut Butter and Oat Protein Bars, Protein Snacks, Snack Bars, Blueberry Cashew Butter, 23.2oz Box (12 Bars)","Not Available","Not Available","Not Available","Not Available"
"Amazon.com","112-7629585-7486654","2025-05-14T05:10:56.597Z","Not Applicable","USD","20.41","0","0","0","0","Not Available","Not Available","B0143NQVI4","New","0","Gift Certificate/Card and Visa - 4156","Cancelled","Not Available","Not Available","rush","Pratham Pradhan 1191 GARDEN CITY RD APT 1704 RM 104 EAST LANSING MI 48823-6014 United States","Pratham Pradhan 2216 Tradition Dr NE Grand Rapids Michigan 49505 United States","Not Available","RXBAR Protein Bars, Protein Snack, Snack Bars, Coconut Chocolate, 22oz Box (12 Bars)","Not Available","Not Available","Not Available","Not Available"
"Amazon.com","112-0570211-7914623","2025-05-12T14:37:35Z","Not Applicable","USD","29.99","1.8","0","0","31.79","29.99","1.8","B0BM737MRS","New","1","Visa - 4156","Closed","Shipped","2025-05-12T18:12:40.006Z","rush","Pradhan,Pratham 2216 TRADITION DR NE GRAND RAPIDS MI 49505-3985 United States","Pratham Pradhan 2216 Tradition Dr NE Grand Rapids Michigan 49505 United States","AMZN_US(TBA321331209368)","Kayam 30 Tablets Multi Pack (12)","Not Available","Not Available","Not Available","Not Available"
"Amazon.com","112-3222109-8352249","2025-04-20T02:33:40Z","Not Applicable","USD","21.5","0","0","0","21.5","21.5","0","B00GL2HMES","New","1","Visa - 4156","Closed","Shipped","2025-04-21T02:15:06.903Z","next-1dc","Pratham Pradhan 1191 GARDEN CITY RD APT 1704 RM 104 EAST LANSING MI 48823-6014 United States","Pratham Pradhan 2216 Tradition Dr NE Grand Rapids Michigan 49505 United States","AMZN_US(TBA320823819039)","Nutricost Creatine Monohydrate Micronized Powder 500G, 5000mg Per Serv (5g) - 100 Servings, 17.9 Oz","Not Available","Not Available","Not Available","Not Available"
"Amazon.com","112-3227038-8353843","2025-04-05T20:59:44Z","Not Applicable","USD","16.94","0","0","0","33.88","33.88","0","B07G3D6D22","New","2","Visa - 4156","Closed","Shipped","2025-04-06T03:19:55.529Z","next-1dc","Pratham Pradhan 1191 GARDEN CITY RD APT 1704 RM 104 EAST LANSING MI 48823-6014 United States","Pratham Pradhan 2216 Tradition Dr NE Grand Rapids Michigan 49505 United States","AMZN_US(TBA320497606673)","Pure Protein Bars, High Protein, Nutritious Snacks to Support Energy, Low Sugar, Gluten Free, Chocolate Salted Caramel, 1.76 oz., 12 Count (Pack of 1) (Packaging May Vary)","Not Available","Not Available","Not Available","Not Available"
"Amazon.com","112-3882219-4949003","2025-03-31T01:05:27Z","Not Applicable","USD","34.15","0","0","0","34.15","34.15","0","B07PXNNFGT","New","1","Gift Certificate/Card and Visa - 4156","Closed","Shipped","2025-03-31T09:53:37.733Z","next-1dc","Pratham Pradhan 1191 GARDEN CITY RD APT 1704 RM 104 EAST LANSING MI 48823-6014 United States","Pratham Pradhan 2216 Tradition Dr NE Grand Rapids Michigan 49505 United States","AMZN_US(TBA320362855096)","Orgain Organic Vegan Protein + 50 Superfoods Powder, Vanilla Bean - 21g Plant Based Protein, 8g Prebiotic Fiber, No Lactose Ingredients, Gluten Free, No Added Sugar, Non-GMO, 2.02 lb","Not Available","Not Available","Not Available","Not Available"
"Amazon.com","111-2403102-2817069","2025-03-13T06:26:48Z","Not Applicable","USD","10.21","0.61","0","0","14.81","10.21","0.61","B0BH56NX89","New","1","Visa - 4156","Closed","Shipped","2025-03-13T16:19:29.749Z","next-1dc","Pratham Pradhan 2216 Tradition Dr NE Grand Rapids Michigan 49505 United States","Pratham Pradhan 2216 Tradition Dr NE Grand Rapids Michigan 49505 United States","USPS(9361289717745557852803)","For Bare Feet NCAA MICHIGAN STATE SPARTANS Spray Zone Crew Sock Team Color Youth","H(early)BD Gutil
From BB","BB","Not Available","Not Available"
"Amazon.com","112-3078220-1305002","2025-03-10T03:19:22Z","Not Applicable","USD","19.99","1.2","0","0","21.19","19.99","1.2","B0D9QPDXQK","New","1","Visa - 4156","Closed","Shipped","2025-03-10T21:41:24.329Z","next-1dc","Pratham Pradhan 2216 Tradition Dr NE Grand Rapids Michigan 49505 United States","Pratham Pradhan 2216 Tradition Dr NE Grand Rapids Michigan 49505 United States","AMZN_US(TBA319913277445)","Sulayesh Cute Preppy Letter Graphic Sweatshirts for Teen Girls Oversized Aesthetic Hoodies Crewneck Long Sleeve Pullover Tops (Apricot,M)","Not Available","Not Available","Not Available","Authenticity_2D=AZ:YR8J89SP3RG77BYGSHU6JDHDJM"
"Amazon.com","112-2737598-9070652","2025-03-09T22:18:55Z","Not Applicable","USD","6.99","0.42","0","0","7.41","33.87","2.03","B093133ZXG","New","1","Visa - 4156","Closed","Shipped","2025-03-10T21:41:22.138Z","expd-consolidated-us","Pratham Pradhan 2216 Tradition Dr NE Grand Rapids Michigan 49505 United States","Pratham Pradhan 2216 Tradition Dr NE Grand Rapids Michigan 49505 United States","AMZN_US(TBA319913277445)","Rose Gold Confetti Balloons, 50 Pack Rose Gold White Balloons and Rose Gold Metallic Balloons for Birthday Wedding Engagement Bachelor Bridal Shower Party Decorations...","Not Available","Not Available","Not Available","Not Available"
"Amazon.com","112-2737598-9070652","2025-03-09T22:18:55Z","Not Applicable","USD","4","0.24","0","0","4.24","4","0.24","B0DRHR2GJ3","New","1","Visa - 4156","Closed","Shipped","2025-03-11T02:10:43.167Z","expd-consolidated-us","Pratham Pradhan 2216 Tradition Dr NE Grand Rapids Michigan 49505 United States","Pratham Pradhan 2216 Tradition Dr NE Grand Rapids Michigan 49505 United States","AMZN_US(TBA319907151766)","Gold Hanging Swirl Decorations Streamers Foil Single Swirls for Ceiling Decorations Party Supplies, Pack of 18","Not Available","Not Available","Not Available","Not Available"
"Amazon.com","112-2737598-9070652","2025-03-09T22:18:55Z","Not Applicable","USD","11.99","0.72","0","0","12.71","33.87","2.03","B09WHKX59B","New","1","Visa - 4156","Closed","Shipped","2025-03-10T21:41:22.138Z","expd-consolidated-us","Pratham Pradhan 2216 Tradition Dr NE Grand Rapids Michigan 49505 United States","Pratham Pradhan 2216 Tradition Dr NE Grand Rapids Michigan 49505 United States","AMZN_US(TBA319913277445)","Trgowaul Happy 12th Birthday Decorations for Girls - Pink Rose Gold 12 Birthday Backdrop Banner，Twelve Years Old Birthday Party Supply Photography Background Birthday Sign Poster Decor Gift Daughter","Not Available","Not Available","Not Available","Not Available"
"Amazon.com","112-2737598-9070652","2025-03-09T22:18:55Z","Not Applicable","USD","14.89","0.89","0","0","15.78","33.87","2.03","B0BJKS91DS","New","1","Visa - 4156","Closed","Shipped","2025-03-10T21:41:22.138Z","expd-consolidated-us","Pratham Pradhan 2216 Tradition Dr NE Grand Rapids Michigan 49505 United States","Pratham Pradhan 2216 Tradition Dr NE Grand Rapids Michigan 49505 United States","AMZN_US(TBA319913277445)","Balloon Pump Electric, 110V 600W Balloon Blower Inflator Dual Nozzle Air Pump Balloons Inflator for Decoration, Party, Sport,Gifts:2 Balloon Tying Tools","Not Available","Not Available","Not Available","Not Available"
"Amazon.com","112-2823362-4442622","2025-03-09T19:24:44Z","Not Applicable","USD","25.43","0","0","0","25.43","25.43","0","B07PXNNFGT","New","1","Gift Certificate/Card and Visa - 4156","Closed","Shipped","2025-03-10T05:45:35.178Z","rush","Pratham Pradhan 1191 GARDEN CITY RD APT 1704 RM 104 EAST LANSING MI 48823-6014 United States","Pratham Pradhan 2216 Tradition Dr NE Grand Rapids Michigan 49505 United States","AMZN_US(TBA319893438534)","Orgain Organic Vegan Protein + 50 Superfoods Powder, Vanilla Bean - 21g Plant Based Protein, 8g Prebiotic Fiber, No Lactose Ingredients, Gluten Free, No Added Sugar, Non-GMO, 2.02 lb","Not Available","Not Available","Not Available","Not Available"
"Amazon.com","112-5579006-4267410","2025-03-09T19:24:44Z","Not Applicable","USD","37.97","0","0","0","37.97","37.97","0","B0CG127YXC","New","1","Gift Certificate/Card and Visa - 4156","Closed","Shipped","2025-03-10T08:20:32.087Z","expd-consolidated-us","Pratham Pradhan 1191 GARDEN CITY RD APT 1704 RM 104 EAST LANSING MI 48823-6014 United States","Pratham Pradhan 2216 Tradition Dr NE Grand Rapids Michigan 49505 United States","USPS(9361289717745394286427)","Pure Protein Bars, Nutrient Rich Snacks with High Protein for Energy Support, Minimal Sugar, Gluten-Free, Variety Pack (In NEYUM Packaging) (23 Pack)","Not Available","Not Available","Not Available","Not Available"
"Amazon.com","111-5528513-1769814","2025-02-11T04:37:11Z","Not Applicable","USD","2.23","0","0","0","7.22","2.23","0","B07PVYZBCF","New","1","Visa - 4156","Closed","Shipped","2025-02-12T06:48:13.166Z","next-1dc","Pratham Pradhan 2216 Tradition Dr NE Grand Rapids Michigan 49505 United States","Pratham Pradhan 2216 Tradition Dr NE Grand Rapids Michigan 49505 United States","AMZN_US(TBA319338991438)","San Pellegrino, Water Sparkling Mineral, 33.8 Fl Oz","Happy belated birthday Mama
(prolly was delivered late)
From Bubun","Bubun","Not Available","Not Available"
"Amazon.com","111-5528513-1769814","2025-02-11T04:37:11Z","Not Applicable","USD","25","0","0","0","25","25","0","B0B2PJR8MP","New","1","Visa - 4156","Closed","Shipped","2025-02-11T08:09:26.471Z","next-1dc","Pratham Pradhan 2216 Tradition Dr NE Grand Rapids Michigan 49505 United States","Pratham Pradhan 2216 Tradition Dr NE Grand Rapids Michigan 49505 United States","AMZN_US(TBA319331527938)","Panera Bread Gift Card $25","Check email for eCard
From Bubun","Bubun","jhumoor123@gmail.com","GCSN=076750408680006215498548500511"
"Amazon.com","113-6468838-5964253","2025-02-02T19:19:37Z","Not Applicable","USD","18.59","1.12","0","0","19.71","18.59","1.12","1510760245","New","1","Visa - 4156","Closed","Shipped","2025-02-03T06:24:50.781Z","next-1dc","Pratham Pradhan 2216 Tradition Dr NE Grand Rapids Michigan 49505 United States","Pratham Pradhan 2216 Tradition Dr NE Grand Rapids Michigan 49505 United States","AMZN_US(TBA319147230751)","The Big Book of American Presidents: Fascinating Facts and True Stories about U.S. Presidents and Their Families","Not Available","Not Available","Not Available","Not Available"
"Amazon.com","112-9858281-2391428","2024-12-21T01:05:02Z","Not Applicable","USD","24.99","1.5","0","0","26.49","24.99","1.5","B0B29MFN94","New","1","Visa - 4156","Closed","Shipped","2024-12-21T08:35:10.668Z","next-1dc","Pratham Pradhan 2216 Tradition Dr NE Grand Rapids Michigan 49505 United States","Pratham Pradhan 2216 Tradition Dr NE Grand Rapids Michigan 49505 United States","AMZN_US(TBA318180989628)","Simple Modern Water Bottle with Straw and Chug Lid Vacuum Insulated Stainless Steel Metal Thermos Bottles | Reusable Leak Proof BPA-Free Flask for Sports | Summit Collection | 32oz, Almond Birch","Not Available","Not Available","Not Available","Not Available"
"Amazon.com","112-8443411-8563467","2024-12-01T21:44:37Z","Not Applicable","USD","89.99","5.4","0","0","95.39","89.99","5.4","B09KHBBCKW","New","1","Visa - 4156","Closed","Shipped","2024-12-04T21:25:08.045Z","next-1dc","Pratham Pradhan 2216 Tradition Dr NE Grand Rapids Michigan 49505 United States","Pratham Pradhan 2216 Tradition Dr NE Grand Rapids Michigan 49505 United States","AMZN_US(TBA317617336009)","CAROTE Pots and Pans Set Nonstick, White Granite Induction Kitchen Cookware Set, 10 Pcs Non Stick Cooking Set w/Frying Pans & Saucepans(PFOS, PFOA Free)","Not Available","Not Available","Not Available","Authenticity_2D=AZ:E8MGQHGD6BH9PDXG4S59C75RMY"
"Amazon.com","112-8443411-8563467","2024-12-01T21:44:37Z","Not Applicable","USD","25.5","1.53","0","0","27.03","25.5","1.53","B008DI7B6C","New","1","Visa - 4156","Closed","Shipped","2024-12-04T05:06:54Z","next-1dc","Pratham Pradhan 2216 Tradition Dr NE Grand Rapids Michigan 49505 United States","Pratham Pradhan 2216 Tradition Dr NE Grand Rapids Michigan 49505 United States","AMZN_US(TBA317603051142)","Preethi MGA 501 0.4L Chutney Jar for Eco Plus/Chef Pro and Blue Leaf, Small, Silver","Not Available","Not Available","Not Available","Not Available"
"Amazon.com","112-8443411-8563467","2024-12-01T21:44:37Z","Not Applicable","USD","16.99","1.02","0","0","18.01","16.99","1.02","B0DK17L18H","New","1","Visa - 4156","Closed","Shipped","2024-12-02T00:54:15Z","next-1dc","Pratham Pradhan 2216 Tradition Dr NE Grand Rapids Michigan 49505 United States","Pratham Pradhan 2216 Tradition Dr NE Grand Rapids Michigan 49505 United States","AMZN_US(TBA317531587702)","Bondtech Transparent Window Weather Sealing Tape, 2 Inch x 33Feet Window Sealing Tape, Draft Stopper & Insulation Window Tape for Doors, Windows and Shower Glass Gaps, No Residue (2 Inch x 33Feet *2)","Not Available","Not Available","Not Available","Not Available"
"Amazon.com","111-2424869-5613845","2024-11-30T04:44:45Z","Not Applicable","USD","12.7","0.76","0","0","13.46","165.13","9.9","B07YLJPMC3","New","1","Gift Certificate/Card and Visa - 4156","Closed","Shipped","2024-12-02T12:02:38Z","expd-consolidated-us","Pratham Pradhan 1191 GARDEN CITY RD APT 1704 RM 104 EAST LANSING MI 48823-6014 United States","Pratham Pradhan 2216 Tradition Dr NE Grand Rapids Michigan 49505 United States","AMZN_US(TBA317537703196)","CeraVe Acne Foaming Cream Cleanser, 4% Benzoyl Peroxide Face Wash With Hyaluronic Acid, Niacinamide & Ceramides, Gentle Daily Acne Treatment For Face, Acne Skin Care That Helps Clear & Prevent Acne","Not Available","Not Available","Not Available","Not Available"
"Amazon.com","111-2424869-5613845","2024-11-30T04:44:45Z","Not Applicable","USD","14.24","0.85","0","0","15.09","165.13","9.9","B0BZ4JDMWM","New","1","Gift Certificate/Card and Visa - 4156","Closed","Shipped","2024-12-02T12:02:38Z","expd-consolidated-us","Pratham Pradhan 1191 GARDEN CITY RD APT 1704 RM 104 EAST LANSING MI 48823-6014 United States","Pratham Pradhan 2216 Tradition Dr NE Grand Rapids Michigan 49505 United States","AMZN_US(TBA317537703196)","Body Fat Scale, Smart Bathroom Weight Scale, BMI Body Composition Monitor, High Precision Health Analyzer with Smartphone App for Fitness Tracking 400 lbs/180 kg (White)","Not Available","Not Available","Not Available","Not Available"
"Amazon.com","111-2424869-5613845","2024-11-30T04:44:45Z","Not Applicable","USD","8.2","0.49","0","0","8.69","165.13","9.9","B01MG4OX6Q","New","1","Gift Certificate/Card and Visa - 4156","Closed","Shipped","2024-12-02T12:02:38Z","expd-consolidated-us","Pratham Pradhan 1191 GARDEN CITY RD APT 1704 RM 104 EAST LANSING MI 48823-6014 United States","Pratham Pradhan 2216 Tradition Dr NE Grand Rapids Michigan 49505 United States","AMZN_US(TBA317537703196)","Cetaphil Redness Relieving Foaming Face Wash For Sensitive Skin, 8 Fl Oz, Gently Cleanses & Calms Sensitive Skin Without Over Drying, (Packaging May Vary)","Not Available","Not Available","Not Available","Not Available"
"Amazon.com","111-2424869-5613845","2024-11-30T04:44:45Z","Not Applicable","USD","9.97","0.6","0","0","10.57","9.97","0.6","B00NR1YQKO","New","1","Gift Certificate/Card and Visa - 4156","Closed","Shipped","2024-12-02T22:43:22.634Z","expd-consolidated-us","Pratham Pradhan 1191 GARDEN CITY RD APT 1704 RM 104 EAST LANSING MI 48823-6014 United States","Pratham Pradhan 2216 Tradition Dr NE Grand Rapids Michigan 49505 United States","AMZN_US(TBA317558291759)","Neutrogena Oil Free Acne Facial Moisturizer with.5% Salicylic Acid Acne Treatment, Pink Grapefruit Acne Fighting Face Lotion for Breakouts, Non-Greasy & Non-Comedogenic, 4 fl. oz","Not Available","Not Available","Not Available","Not Available"
"Amazon.com","111-2424869-5613845","2024-11-30T04:44:45Z","Not Applicable","USD","129.99","7.8","0","0","137.79","165.13","9.9","B0CFPJYX7P","New","1","Gift Certificate/Card and Visa - 4156","Closed","Shipped","2024-12-02T12:02:38Z","expd-consolidated-us","Pratham Pradhan 1191 GARDEN CITY RD APT 1704 RM 104 EAST LANSING MI 48823-6014 United States","Pratham Pradhan 2216 Tradition Dr NE Grand Rapids Michigan 49505 United States","AMZN_US(TBA317537703196)","All-new Amazon Kindle Paperwhite (16 GB) - Our fastest Kindle ever, with new 7"" glare-free display and weeks of battery life - Black","Not Available","Not Available","Not Available","FSNHEX=GN433X0742970GFX"
"Amazon.com","112-4632385-4033851","2024-11-25T16:54:29Z","Not Applicable","USD","116.79","7.01","0","0","123.8","116.79","7.01","B0CWS3TSGQ","New","1","Visa - 4156","Closed","Shipped","2024-11-26T16:36:07.825Z","next","Pratham Pradhan 2216 Tradition Dr NE Grand Rapids Michigan 49505 United States","Pratham Pradhan 2216 Tradition Dr NE Grand Rapids Michigan 49505 United States","AMZN_US(TBA317386928139)","Decorative Garden Metal Fence 10 Pack, 40 in (H) x 23.6 ft (L) No Dig Dog Animal Barrier for Yard, Animal Ground Stakes Fencing for Garden, Patio, Flower Bed","Not Available","Not Available","Not Available","Not Available"
"Amazon.com","111-6607346-5124239","2024-11-10T22:33:50Z","Not Applicable","USD","10.99","0.66","0","0","11.65","10.99","0.66","B08S8QNW2K","New","1","Gift Certificate/Card and Visa - 4156","Closed","Shipped","2024-11-11T23:32:01.501Z","next-1dc","Pratham Pradhan 1191 GARDEN CITY RD APT 1704 RM 104 EAST LANSING MI 48823-6014 United States","Pratham Pradhan 2216 Tradition Dr NE Grand Rapids Michigan 49505 United States","USPS(9361289717739625583270)","Crest Whitening Plus Scope, Complete Active Fresh + Whitening Toothpaste, 5.5oz, Toothpaste Sensitive Teeth, Pack of 4","Not Available","Not Available","Not Available","Not Available"
"Amazon.com","111-7266294-0722669","2024-11-10T05:31:23Z","Not Applicable","USD","19.99","1.2","0","0","25.18","19.99","1.2","B09KTMG4GQ","New","1","Gift Certificate/Card","Closed","Shipped","2024-11-10T20:20:48.822Z","next-1dc","Pratham Pradhan 2216 Tradition Dr NE Grand Rapids Michigan 49505 United States","Pratham Pradhan 2216 Tradition Dr NE Grand Rapids Michigan 49505 United States","AMZN_US(TBA316986337988)","Carhartt Men's Knit Cuffed Beanie, BlackBerry, One Size","Happy early birthday, baba
From bubun","bubun","Not Available","Not Available"
"Amazon.com","111-6384713-0999406","2024-11-08T03:36:25Z","Not Applicable","USD","14.94","0.9","0","0","15.84","14.94","0.9","B07YLJPMC3","New","1","Gift Certificate/Card and Visa - 4156","Closed","Shipped","2024-11-08T21:24:15.331Z","next-1dc","Pratham Pradhan 1191 GARDEN CITY RD APT 1704 RM 104 EAST LANSING MI 48823-6014 United States","Pratham Pradhan 2216 Tradition Dr NE Grand Rapids MI 49505 United States","AMZN_US(TBA316942834705)","CeraVe Acne Foaming Cream Cleanser, 4% Benzoyl Peroxide Face Wash With Hyaluronic Acid, Niacinamide & Ceramides, Gentle Daily Acne Treatment For Face, Acne Skin Care That Helps Clear & Prevent Acne","Not Available","Not Available","Not Available","Not Available"
"Amazon.com","112-7531902-3667426","2024-10-23T02:59:33Z","Not Applicable","USD","34.99","2.1","0","0","37.09","34.99","2.1","B0C7LMHZP6","New","1","Gift Certificate/Card and Visa - 4156","Closed","Shipped","2024-10-25T15:21:29.500Z","next-1dc","Pratham Pradhan 2216 Tradition Dr NE Grand Rapids Michigan 49505 United States","Pratham Pradhan 2216 Tradition Dr NE Grand Rapids MI 49505 United States","AMZN_US(TBA316629366556)","Disguise Inside Out Anxiety Costume for Kids, Official Inside Out Halloween Costume and Headpiece, Child Size (10-12)","Not Available","Not Available","Not Available","Not Available"
"Amazon.com","111-8954200-6575446","2024-10-23T02:09:07Z","Not Applicable","USD","6.28","0.38","0","0","6.66","45.11","2.71","B018RAVRNS","New","1","Gift Certificate/Card","Closed","Shipped","2024-10-23T08:42:03.231Z","next-1dc","Pratham Pradhan 1191 GARDEN CITY RD APT 1704 RM 104 EAST LANSING MI 48823-6014 United States","Pratham Pradhan 2216 Tradition Dr NE Grand Rapids MI 49505 United States","AMZN_US(TBA316583731988)","Monoprice USB Type-A to USB Micro Type-B Cable - Polycarbonate Connector Heads, 2.4A, 22/30AWG, 3 Feet, Black - Select Series","Not Available","Not Available","Not Available","Not Available"
"Amazon.com","111-8954200-6575446","2024-10-23T02:09:07Z","Not Applicable","USD","19.99","1.2","0","0","21.19","45.11","2.71","B0BC5F6NMB","New","1","Gift Certificate/Card","Closed","Shipped","2024-10-23T08:42:03.231Z","next-1dc","Pratham Pradhan 1191 GARDEN CITY RD APT 1704 RM 104 EAST LANSING MI 48823-6014 United States","Pratham Pradhan 2216 Tradition Dr NE Grand Rapids MI 49505 United States","AMZN_US(TBA316583731988)","Mise En Scene Perfect Serum Original Shampoo For Damaged Hair - Korean Shampoo with Moroccan Oil, Jojoba Seed, Damage Care MoroccanOil Hair Products | 22.99 Fl Oz","Not Available","Not Available","Not Available","Not Available"
"Amazon.com","111-8954200-6575446","2024-10-23T02:09:07Z","Not Applicable","USD","18.84","1.13","0","0","19.97","45.11","2.71","B0BQLLB61B","New","1","Gift Certificate/Card","Closed","Shipped","2024-10-23T08:42:03.231Z","next-1dc","Pratham Pradhan 1191 GARDEN CITY RD APT 1704 RM 104 EAST LANSING MI 48823-6014 United States","Pratham Pradhan 2216 Tradition Dr NE Grand Rapids MI 49505 United States","AMZN_US(TBA316583731988)","Anker 332 USB-C Hub (5-in-1) with 4K HDMI Display, 5Gbps - and 2 5Gbps USB-A Data Ports and for MacBook Pro, MacBook Air, Dell XPS, Lenovo Thinkpad, HP Laptops and More","Not Available","Not Available","Not Available","Authenticity_2D=AZ:THDASI4D45GHDP5URI6U5X9BJU"
"Amazon.com","112-4032645-7811460","2024-10-22T03:02:33Z","Not Applicable","USD","5.6","0.34","0","0","5.94","5.6","0.34","B09TKHVC44","New","1","Visa - 4156","Closed","Shipped","2024-10-22T07:51:22.512Z","next-1dc","Pratham Pradhan 2216 Tradition Dr NE Grand Rapids Michigan 49505 United States","Pratham Pradhan 2216 Tradition Dr NE Grand Rapids MI 49505 United States","AMZN_US(TBA316560461326)","Guitar Tuner Clip On Ukulele Tuner 1 Pack for Guitar Bass Ukulele Violin banjo Tuner","Not Available","Not Available","Not Available","Not Available"
"Amazon.com","112-1856470-0897827","2024-10-21T16:28:22.288Z","Not Applicable","USD","10.69","0","0","0","0","Not Available","Not Available","B0D869WZBG","New","0","Gift Certificate/Card and Visa - 4156","Cancelled","Not Available","Not Available","next-1dc","Pratham Pradhan 2216 Tradition Dr NE Grand Rapids Michigan 49505 United States","Pratham Pradhan 2216 Tradition Dr NE Grand Rapids MI 49505 United States","Not Available","OLYCRAFT 300Pcs Self-Adhesive Leaf Mosaic Tiles 0.4x0.2 Inch Mirror Mosaic Tiles 0.8mm Thick Mini Acrylic Mirror Tiles Silver DIY Mirror Mini Mirrors for Crafts Art Wall Door Home Decorations","Not Available","Not Available","Not Available","Not Available"
"Amazon.com","112-4698078-8035439","2024-10-12T16:54:57Z","Not Applicable","USD","26.99","1.62","0","0","28.61","26.99","1.62","B0B4SBR4RN","New","1","Visa - 4156","Closed","Shipped","2024-10-13T04:23:01.022Z","next-1dc","Pratham Pradhan 1191 GARDEN CITY RD APT 1704 RM 104 EAST LANSING MI 48823-6014 United States","Pratham Pradhan 2216 Tradition Dr NE Grand Rapids MI 49505 United States","AMZN_US(TBA316344969934)","65W Surface Pro Laptop Charger for Microsoft Surface Pro 10, 9, 8, 7+, 7, 6, 5, 4, 3, X, Windows Surface Laptop 6, 5, 4, 3, 2, 1, Surface Go Tablet, Surface Book 3, 2, 1, Support 44W, 36W, LED, 10FT","Not Available","Not Available","Not Available","Authenticity_2D=AZ:YM1A73J5DZBODM5HPFIGS19KYM"
"Amazon.com","112-1456108-8787403","2024-10-10T03:45:25Z","Not Applicable","USD","81.99","4.92","0","0","86.91","81.99","4.92","B0016HF5GK","New","1","Visa - 4156","Closed","Shipped","2024-10-14T01:11:52.049Z","next-1dc","Pratham Pradhan 2216 Tradition Dr NE Grand Rapids Michigan 49505 United States","Pratham Pradhan 2216 Tradition Dr NE Grand Rapids MI 49505 United States","AMZN_US(TBA316369393354)","BISSELL Little Green Multi-Purpose Portable Carpet and Upholstery Cleaner, Car and Auto Detailer, with Exclusive Specialty Tools, Green, 1400B","Not Available","Not Available","Not Available","Authenticity_2D=AZ:JKB7J34OZFHARN5DN6ZDIGOBBE"
"Amazon.com","112-1285500-4032236","2024-10-10T03:45:25Z","Not Applicable","USD","21.75","1.31","0","0","23.06","21.75","1.31","B0CTKY7D8Z","New","1","Visa - 4156","Closed","Shipped","2024-10-11T05:40:25.921Z","next-1dc","Pratham Pradhan 2216 Tradition Dr NE Grand Rapids Michigan 49505 United States","Pratham Pradhan 2216 Tradition Dr NE Grand Rapids MI 49505 United States","AMZN_US(TBA316302862621)","MESMERIICAL Black Cotton Printed Short Kurti for Women | Indian Tunic Tops for Women | Indian Tunic Top (US, Alpha, Small, Regular, Regular, Black)","Not Available","Not Available","Not Available","Not Available"
"Amazon.com","112-1285500-4032236","2024-10-10T03:45:25Z","Not Applicable","USD","25.99","1.56","0","0","27.55","25.99","1.56","B0CNCPHQC8","New","1","Visa - 4156","Closed","Shipped","2024-10-11T02:06:32.967Z","next-1dc","Pratham Pradhan 2216 Tradition Dr NE Grand Rapids Michigan 49505 United States","Pratham Pradhan 2216 Tradition Dr NE Grand Rapids MI 49505 United States","USPS(9361289687038259036962)","HARTPOR Faux Leather Leggings for Girls - High Waisted Stretch Pleather Leggings Teens Leather Pants Wine Red M","Not Available","Not Available","Not Available","Not Available"
"Amazon.com","112-0018787-3617035","2024-10-09T15:33:23Z","Not Applicable","USD","17.18","1.03","0","0","18.21","115.97","6.36","B078NW4SZF","New","1","Visa - 4156","Closed","Shipped","2024-10-09T19:55:15.366Z","next-1dc","Pratham Pradhan 2216 Tradition Dr NE Grand Rapids Michigan 49505 United States","Pratham Pradhan 2216 Tradition Dr NE Grand Rapids MI 49505 United States","USPS(9361289687038196660176)","SHOURYA TRADING Stainless Steel Spice box with Non Breakable Transparent glass,Stainless Steel Spice Box with 7 container and 7 Small Spoons,Spice Box,Size 12 No,Color-Silver","Not Available","Not Available","Not Available","Not Available"
"Amazon.com","112-0018787-3617035","2024-10-09T15:33:23Z","Not Applicable","USD","69.99","3.6","0","'-10'","63.59","115.97","6.36","B0CM9MMYQJ","New","1","Visa - 4156","Closed","Shipped","2024-10-09T19:55:15.366Z","next-1dc","Pratham Pradhan 2216 Tradition Dr NE Grand Rapids Michigan 49505 United States","Pratham Pradhan 2216 Tradition Dr NE Grand Rapids MI 49505 United States","USPS(9361289687038196660176)","CAROTE 15pcs Ceramic Cookware Set, Pots and Pans Set, Induction Nonstick Kitchen Cookware Sets, Non Stick RV Cookware Set with Detachable Handle, Dishwasher/Oven Safe Cookware Set, Cream White","Not Available","Not Available","Not Available","Authenticity_2D=AZ:D6S977F3W8HKBPZTD45DMXOJUA"
"Amazon.com","112-0018787-3617035","2024-10-09T15:33:23Z","Not Applicable","USD","28.8","1.73","0","0","30.53","115.97","6.36","B08YLS39HF","New","1","Visa - 4156","Closed","Shipped","2024-10-09T19:55:15.366Z","next-1dc","Pratham Pradhan 2216 Tradition Dr NE Grand Rapids Michigan 49505 United States","Pratham Pradhan 2216 Tradition Dr NE Grand Rapids MI 49505 United States","USPS(9361289687038196660176)","Eight Saints Skin Care All In Eye Cream, Natural and Organic Anti Aging Under Eye Cream to Reduce Puffiness, Wrinkles, and Under Eye Bags, Dark Circles Under Eye Treatment, 0.5 Ounces","Not Available","Not Available","Not Available","Not Available"
"Amazon.com","112-1887791-5065030","2024-10-03T20:50:11Z","Not Applicable","USD","4.99","0.3","0","0","5.29","12.79","0.77","B01LWIYJH3","New","1","Visa - 4156","Closed","Shipped","2024-10-04T05:03:37.863Z","next-1dc","Pratham Pradhan 2216 Tradition Dr NE Grand Rapids Michigan 49505 United States","Pratham Pradhan 2216 Tradition Dr NE Grand Rapids MI 49505 United States","AMZN_US(TBA316134309451)","DECORA 500 Pieces 6mm -12mm Black Wiggle Googly Eyes with Self-Adhesive Backs for DIY Crafts Doll Making Sewing Supplies","Not Available","Not Available","Not Available","Not Available"
"Amazon.com","112-1887791-5065030","2024-10-03T20:50:11Z","Not Applicable","USD","7.8","0.47","0","0","8.27","12.79","0.77","B0B92M9M2R","New","1","Visa - 4156","Closed","Shipped","2024-10-04T05:03:37.863Z","next-1dc","Pratham Pradhan 2216 Tradition Dr NE Grand Rapids Michigan 49505 United States","Pratham Pradhan 2216 Tradition Dr NE Grand Rapids MI 49505 United States","AMZN_US(TBA316134309451)","Shoulder Pulley Over The Door Physical Therapy System, Exercise Pulley, Alleviate Shoulder Pain and Facilitate Recovery from Surgery, FSA/HSA Eligible (Blue)","Not Available","Not Available","Not Available","Not Available"
"Amazon.com","112-0938590-3115435","2024-09-24T17:34:54Z","Not Applicable","USD","5.99","0.36","0","0","6.35","5.99","0.36","B0CXZRH1QJ","New","1","Visa - 4156","Closed","Shipped","2024-09-25T00:10:18.536Z","next-1dc","Pratham Pradhan 2216 Tradition Dr NE Grand Rapids MI 49505 United States","Pratham Pradhan 2216 Tradition Dr NE Grand Rapids MI 49505 United States","AMZN_US(TBA315939703410)","30 Inch Moss Pole for Climbing Plants - 2 PCS 15 Inches Coir Totem Plant Support for Climbing Indoor Potted Plants with 13 Feet Garden Ties","Not Available","Not Available","Not Available","Not Available"
"Amazon.com","111-8540710-7592209","2024-09-16T00:42:49Z","Not Applicable","USD","82.12","4.93","0","0","87.05","82.12","4.93","B0CCD4Z1Q7","New","1","Gift Certificate/Card","Closed","Shipped","2024-09-17T02:50:00.826Z","next-1dc","Pratham Pradhan 1191 GARDEN CITY RD APT 1704 RM 104 EAST LANSING MI 48823-6014 United States","Pratham Pradhan 1191 GARDEN CITY RD APT 1704 RM 104 EAST LANSING MI 48823-6014 United States","AMZN_US(TBA315781895424)","Nike Mercurial Vapor 15 Club Mens DJ5963-040 (Black/Chrome-Hyper), Size 10","Not Available","Not Available","Not Available","Not Available"
"Amazon.com","111-4994986-3409065","2024-08-28T18:26:47Z","Not Applicable","USD","16.98","1.02","0","0","18","16.98","1.02","B0B32W2MP8","New","1","Visa - 4669","Closed","Shipped","2024-08-30T20:42:07.181Z","Std US D2D Dom","Pratham Pradhan 1191 GARDEN CITY RD APT 1704 RM 104 EAST LANSING MI 48823-6014 United States","Pratham Pradhan 2216 Tradition Dr NE Grand Rapids Michigan 49505 United States","UPS Mail Innovations(92612999937500543489252546)","Hunter X Hunter Anime Merch Wall Decor Movie Posters HxH Anime Posters Association Graphic Wall Art Cool Decoration Room Home Decor Japanese Manga Series Fans Cool Wall Art Print Poster 24x36","Not Available","Not Available","Not Available","Not Available"
"Amazon.com","111-3831845-7177802","2024-08-28T18:26:47Z","Not Applicable","USD","9.99","0.6","0","0","10.59","9.99","0.6","B08SZPSBQ7","New","1","Visa - 4669","Closed","Shipped","2024-08-29T22:19:44Z","next-1dc","Pratham Pradhan 1191 GARDEN CITY RD APT 1704 RM 104 EAST LANSING MI 48823-6014 United States","Pratham Pradhan 2216 Tradition Dr NE Grand Rapids Michigan 49505 United States","AMZL_US_PREMIUM(TBA315389288976)","Trends International Nickelodeon Avatar: The Last Airbender - Map Wall Poster, 22.37"" x 34.00"", Unframed Version","Not Available","Not Available","Not Available","Not Available"
"Amazon.com","111-1855837-6769046","2024-08-25T18:31:53Z","Not Applicable","USD","3","0.18","5","0","8.18","3","0.18","B0CCCZLJDB","New","1","Visa - 4669","Closed","Shipped","2024-08-28T12:30:16Z","Std US D2D Dom","Pratham Pradhan 1191 GARDEN CITY RD APT 1704 RM 104 EAST LANSING MI 48823-6014 United States","Pratham Pradhan 2216 Tradition Dr NE Grand Rapids Michigan 49505 United States","China Post(AM505920313CN)","EASSL Across The Spider-Verse Poster Poster Canvas Wall Art Posters Bedroom Painting 08x12inch(20x30cm)","Not Available","Not Available","Not Available","Not Available"
"Amazon.com","111-8193526-6372222","2024-08-23T21:46:45Z","Not Applicable","USD","7.49","0.45","0","0","7.94","7.49","0.45","B0C1LB9CKH","New","1","Visa - 4669","Closed","Shipped","2024-08-24T08:11:52Z","next-1dc","Pratham Pradhan 2216 Tradition Dr NE Grand Rapids Michigan 49505 United States","Pratham Pradhan 2216 Tradition Dr NE Grand Rapids Michigan 49505 United States","AMZN_US(TBA315289090980)","Chefaide Ice Cube Tray with Lid, 4 Pack Durable Stackable Ice Cube Trays for Freezer with Removable Lids, Easy-Release Plastic & Silicone Ice Tray for Cocktail, Coffee","Not Available","Not Available","Not Available","Not Available"
"Amazon.com","111-1384160-2335453","2024-08-22T00:25:45Z","Not Applicable","USD","13.99","0.84","0","0","14.83","13.99","0.84","B0CL42YFS4","New","1","Visa - 4669","Closed","Shipped","2024-08-22T05:35:45Z","next-1dc","Pratham Pradhan 2216 Tradition Dr NE Grand Rapids Michigan 49505 United States","Pratham Pradhan 2216 Tradition Dr NE Grand Rapids Michigan 49505 United States","AMZN_US(TBA315249365126)","TALSTILA Foot Rest for Under Desk at Work, Footrest with Warm Plush Feet Pocket, Ergonomic Foam Footrest, Under Desk Footrest, for Office Desk & Office Chair - Back & Leg Pain Relief","Not Available","Not Available","Not Available","Not Available"
"Amazon.com","112-7452516-0137029","2024-08-19T00:42:33Z","Not Applicable","USD","21.96","1.02","0","'-5'","17.98","21.96","1.02","B01539X5TA","New","1","Visa - 4669","Closed","Shipped","2024-08-20T05:18:00Z","expd-consolidated-us","Pratham Pradhan 2216 Tradition Dr NE Grand Rapids Michigan 49505 United States","Pratham Pradhan 2216 Tradition Dr NE Grand Rapids Michigan 49505 United States","AMZN_US(TBA315204922074)","Nivea Men Sensitive Post Shave Balm with Vitamin E, Chamomile and Witch Hazel Extracts, 3 Pack of 3.3 Fl Oz Bottles","Not Available","Not Available","Not Available","Not Available"
"Amazon.com","112-9211375-8990642","2024-08-18T21:09:31Z","Not Applicable","USD","9.94","0.6","0","0","10.54","89.09","5.35","B01MG4OX6Q","New","1","Gift Certificate/Card and Visa - 4669","Closed","Shipped","2024-08-19T08:01:20Z","rush","Pratham Pradhan 2216 Tradition Dr NE Grand Rapids Michigan 49505 United States","Pratham Pradhan 2216 Tradition Dr NE Grand Rapids Michigan 49505 United States","AMZN_US(TBA315184000419)","CETAPHIL Redness Relieving Foaming Face Wash For Sensitive Skin , 8 Fl Oz , Gently Cleanses & Calms Sensitive Skin Without Over Drying, (Packaging May Vary)","Not Available","Not Available","Not Available","Not Available"
"Amazon.com","112-9211375-8990642","2024-08-18T21:09:31Z","Not Applicable","USD","15.99","0.96","0","0","16.95","89.09","5.35","B0C65BXG1P","New","1","Gift Certificate/Card and Visa - 4669","Closed","Shipped","2024-08-19T08:01:20Z","rush","Pratham Pradhan 2216 Tradition Dr NE Grand Rapids Michigan 49505 United States","Pratham Pradhan 2216 Tradition Dr NE Grand Rapids Michigan 49505 United States","AMZN_US(TBA315184000419)","SERVOMASTER Handheld Vacuum Cleaner Cordless, Portable Car Vacuum Cleaner High Power, Mini Hand Vacuum with 2H Fast Charging, Car Interior Cleaning Accessories Detailing Kit Essentials for Men Women","Not Available","Not Available","Not Available","Not Available"
"Amazon.com","112-9211375-8990642","2024-08-18T21:09:31Z","Not Applicable","USD","44.99","2.7","0","0","47.69","89.09","5.35","B01FHOWYA2","New","1","Gift Certificate/Card and Visa - 4669","Closed","Shipped","2024-08-19T08:01:20Z","rush","Pratham Pradhan 2216 Tradition Dr NE Grand Rapids Michigan 49505 United States","Pratham Pradhan 2216 Tradition Dr NE Grand Rapids Michigan 49505 United States","AMZN_US(TBA315184000419)","Ninja Fit Compact Personal Blender, Portable Blender for-Smoothies, Shakes, Food Prep, and Frozen Blending, 700-Watt Base, (2) 16-oz. Cups and Spout Lids, Black QB3001SS","Not Available","Not Available","Not Available","Not Available"
"Amazon.com","112-4917078-7933817","2024-08-18T21:09:31Z","Not Applicable","USD","14.99","0.9","0","0","15.89","14.99","0.9","B0C7J25MVB","New","1","Gift Certificate/Card and Visa - 4669","Closed","Shipped","2024-08-19T05:50:33Z","next-1dc","Pratham Pradhan 2216 Tradition Dr NE Grand Rapids Michigan 49505 United States","Pratham Pradhan 2216 Tradition Dr NE Grand Rapids Michigan 49505 United States","AMZN_US(TBA315182223972)","CeraVe Acne Foaming Cream Wash | Gentle Face and Body Acne Cleanser with Benzoyl Peroxide 10%, Hyaluronic Acid, and Niacinamide | Acne Treatment Clears Pimples, Blackheads, Chest and Back Acne | 5 Oz","Not Available","Not Available","Not Available","Not Available"
"Amazon.com","112-4917078-7933817","2024-08-18T21:09:31Z","Not Applicable","USD","6.79","0.41","0","0","7.2","6.79","0.41","B07Y35MGWB","New","1","Gift Certificate/Card and Visa - 4669","Closed","Shipped","2024-08-20T05:18:01Z","next-1dc","Pratham Pradhan 2216 Tradition Dr NE Grand Rapids Michigan 49505 United States","Pratham Pradhan 2216 Tradition Dr NE Grand Rapids Michigan 49505 United States","AMZN_US(TBA315204922074)","WENHSIN 10Packs 4-Pin RGB LED Light Strip Connectors 10mm Unwired Gapless Solderless Adapter Terminal Extension for SMD 5050 Multicolor Strip","Not Available","Not Available","Not Available","Not Available"
"Amazon.com","112-9211375-8990642","2024-08-18T21:09:31Z","Not Applicable","USD","8.18","0.49","0","0","8.67","89.09","5.35","B00NR1YQKO","New","1","Gift Certificate/Card and Visa - 4669","Closed","Shipped","2024-08-19T08:01:20Z","rush","Pratham Pradhan 2216 Tradition Dr NE Grand Rapids Michigan 49505 United States","Pratham Pradhan 2216 Tradition Dr NE Grand Rapids Michigan 49505 United States","AMZN_US(TBA315184000419)","Neutrogena Oil Free Acne Facial Moisturizer with.5% Salicylic Acid Acne Treatment, Pink Grapefruit Acne Fighting Face Lotion for Breakouts, Non-Greasy & Non-Comedogenic, 4 fl. oz","Not Available","Not Available","Not Available","Not Available"
"Amazon.com","112-9211375-8990642","2024-08-18T21:09:31Z","Not Applicable","USD","9.99","0.6","0","0","10.59","89.09","5.35","B09V366BDY","New","1","Gift Certificate/Card and Visa - 4669","Closed","Shipped","2024-08-19T08:01:20Z","rush","Pratham Pradhan 2216 Tradition Dr NE Grand Rapids Michigan 49505 United States","Pratham Pradhan 2216 Tradition Dr NE Grand Rapids Michigan 49505 United States","AMZN_US(TBA315184000419)","KSIPZE 100ft Led Strip Lights (2 Rolls of 50ft) RGB Music Sync Color Changing,Bluetooth Led Lights with Smart App Control Remote,Led Lights for Bedroom Room Lighting Flexible Home Decor","Not Available","Not Available","Not Available","Not Available"
"Amazon.com","112-6852808-8450660","2024-08-16T02:17:17Z","Not Applicable","USD","19.99","1.2","0","0","21.19","19.99","1.2","B0C1BJ7FLX","New","1","Visa - 4669","Closed","Shipped","2024-08-17T05:54:16Z","next-1dc","Pratham Pradhan 2216 Tradition Dr NE Grand Rapids Michigan 49505 United States","Pratham Pradhan 891 BIRCH RD EAST LANSING MI 48825-2400 United States","AMZN_US(TBA315129012680)","LORELEI E5 Wired Headphones for Kids Foldable & 3.5mm Jack Tangle Free Nylon Wire Stereo On Ear Headsets for Kids/Children/School/Tablet/Ipad/Kiddle/Plane (Beige White)","Not Available","Not Available","Not Available","Not Available"
"Amazon.com","112-5178369-3349054","2024-08-03T03:26:06Z","Not Applicable","USD","9.94","0.6","0","0","10.54","9.94","0.6","B01MG4OX6Q","New","1","Gift Certificate/Card and Visa - 2656","Closed","Shipped","2024-08-03T07:30:19Z","next-1dc","Pratham Pradhan 715 ARBOR ST ANN ARBOR MI 48104-3325 United States","Pratham Pradhan 2216 Tradition Dr NE Grand Rapids Michigan 49505 United States","AMZN_US(TBA314857774530)","CETAPHIL Redness Relieving Foaming Face Wash For Sensitive Skin , 8 Fl Oz , Gently Cleanses & Calms Sensitive Skin Without Over Drying, (Packaging May Vary)","Not Available","Not Available","Not Available","Not Available"
"Amazon.com","112-3206675-1361068","2024-08-02T01:10:58Z","Not Applicable","USD","129.99","7.8","0","0","137.79","129.99","7.8","B0CWS2K9LT","New","1","Visa - 2656","Closed","Shipped","2024-08-03T03:59:54Z","next-1dc","Pratham Pradhan 2216 Tradition Dr NE Grand Rapids Michigan 49505 United States","Pratham Pradhan 2216 Tradition Dr NE Grand Rapids Michigan 49505 United States","AMZN_US(TBA314845488230)","Decorative Garden Metal Fence 10 Pack with Lock, 40 in (H) x 23.6 ft (L) No Dig Dog Animal Barrier for Yard, Animal Ground Stakes Fencing for Garden, Patio, Flower Bed","Not Available","Not Available","Not Available","Not Available"
"Amazon.com","112-5825628-6105054","2024-07-26T02:54:33Z","Not Applicable","USD","47.41","2.84","0","0","50.25","68.32","4.1","B00AIKX6QW","New","1","Visa - 2656","Closed","Shipped","2024-07-26T06:59:15Z","rush","Pratham Pradhan 2216 Tradition Dr NE Grand Rapids Michigan 49505 United States","Pratham Pradhan 2216 Tradition Dr NE Grand Rapids Michigan 49505 United States","AMZN_US(TBA314702227182)","GreenPan Lima Hard Anodized Healthy Ceramic Nonstick 5QT Stock Pot with Lid, PFAS-Free, Oven Safe, Gray","Not Available","Not Available","Not Available","Not Available"
"Amazon.com","112-6433282-1249067","2024-07-26T02:54:33Z","Not Applicable","USD","17.95","1.08","0","0","19.03","17.95","1.08","B0C66VNLZG","New","1","Visa - 2656","Closed","Shipped","2024-07-26T09:17:22Z","next-1dc","Pratham Pradhan 2216 Tradition Dr NE Grand Rapids Michigan 49505 United States","Pratham Pradhan 2216 Tradition Dr NE Grand Rapids Michigan 49505 United States","AMZN_US(TBA314703906665)","Replacement Lids for Pyrex Containers (2) 1-Cup (3) 2-Cup (2) 4-Cup (2) 7-Cup (Blue)","Not Available","Not Available","Not Available","Not Available"
"Amazon.com","112-6433282-1249067","2024-07-26T02:54:33Z","Not Applicable","USD","3.99","0.24","0","0","4.23","23.06","1.39","B0CTFGDG2S","New","1","Visa - 2656","Closed","Shipped","2024-07-27T05:06:45Z","next-1dc","Pratham Pradhan 2216 Tradition Dr NE Grand Rapids Michigan 49505 United States","Pratham Pradhan 2216 Tradition Dr NE Grand Rapids Michigan 49505 United States","AMZN_US(TBA314716167763)","100Pcs Holographic Packaging Bags, 3x4 inch Resealable Foil Pouch Mylar Sample Bag Great for Small Business and Party Favor Food Storage......","Not Available","Not Available","Not Available","Not Available"
"Amazon.com","112-6433282-1249067","2024-07-26T02:54:33Z","Not Applicable","USD","5.59","0.34","0","0","5.93","23.06","1.39","B077KCCCWF","New","1","Visa - 2656","Closed","Shipped","2024-07-27T05:06:45Z","next-1dc","Pratham Pradhan 2216 Tradition Dr NE Grand Rapids Michigan 49505 United States","Pratham Pradhan 2216 Tradition Dr NE Grand Rapids Michigan 49505 United States","AMZN_US(TBA314716167763)","2017 Grapes 5 Cent Stamp In Sheet of Twenty Stamps Scott 5177 .","Not Available","Not Available","Not Available","Not Available"
"Amazon.com","112-5825628-6105054","2024-07-26T02:54:33Z","Not Applicable","USD","10.92","0.66","0","0","11.58","68.32","4.1","1250757622","New","1","Visa - 2656","Closed","Shipped","2024-07-26T06:59:15Z","rush","Pratham Pradhan 2216 Tradition Dr NE Grand Rapids Michigan 49505 United States","Pratham Pradhan 2216 Tradition Dr NE Grand Rapids Michigan 49505 United States","AMZN_US(TBA314702227182)","Fast. Feast. Repeat.: The Comprehensive Guide to Delay, Don't Deny® Intermittent Fasting--Including the 28-Day FAST Start","Not Available","Not Available","Not Available","Not Available"
"Amazon.com","112-5825628-6105054","2024-07-26T02:54:33Z","Not Applicable","USD","9.99","0.6","0","0","10.59","68.32","4.1","B08CT4149B","New","1","Visa - 2656","Closed","Shipped","2024-07-26T06:59:15Z","rush","Pratham Pradhan 2216 Tradition Dr NE Grand Rapids Michigan 49505 United States","Pratham Pradhan 2216 Tradition Dr NE Grand Rapids Michigan 49505 United States","AMZN_US(TBA314702227182)","3.5x5 Inch Pink Poly Bubble Mailers Small Padded Envelopes Self-Sealing Shipping Bags 50 Pack","Not Available","Not Available","Not Available","Not Available"
"Amazon.com","112-6433282-1249067","2024-07-26T02:54:33Z","Not Applicable","USD","39.99","2.4","0","0","42.39","39.99","2.4","B0B4FXMSQQ","New","1","Visa - 2656","Closed","Shipped","2024-07-27T02:47:58Z","next-1dc","Pratham Pradhan 2216 Tradition Dr NE Grand Rapids Michigan 49505 United States","Pratham Pradhan 2216 Tradition Dr NE Grand Rapids Michigan 49505 United States","AMZN_US(TBA314712498114)","CAROTE 1.5Qt & 2.5Qt Sauce Pan Set with Lid Nonstick Saucepan 4 Pcs Non Stick Sauce Pots Cooking Pot with Pour Spout, Easy to Clean, Small Kitchen Pots Induction Pot, PFOA FREE (White Granite)","Not Available","Not Available","Not Available","Not Available"
"Amazon.com","112-6433282-1249067","2024-07-26T02:54:33Z","Not Applicable","USD","9.49","0.57","0","0","10.06","23.06","1.39","B0C6T3WHVF","New","1","Visa - 2656","Closed","Shipped","2024-07-27T05:06:45Z","next-1dc","Pratham Pradhan 2216 Tradition Dr NE Grand Rapids Michigan 49505 United States","Pratham Pradhan 2216 Tradition Dr NE Grand Rapids Michigan 49505 United States","AMZN_US(TBA314716167763)","QUEFE 48 Colors 11160pcs Bohemian Clay Beads Bracelet Making Kit for Jewelry Making, Polymer Clay Beads for Boho Bracelet Necklace Earrings Making, Craft and Gifts","Not Available","Not Available","Not Available","Not Available"
"Amazon.com","112-6433282-1249067","2024-07-26T02:54:33Z","Not Applicable","USD","3.99","0.24","0","0","4.23","23.06","1.39","B09XM3QXD2","New","1","Visa - 2656","Closed","Shipped","2024-07-27T05:06:45Z","next-1dc","Pratham Pradhan 2216 Tradition Dr NE Grand Rapids Michigan 49505 United States","Pratham Pradhan 2216 Tradition Dr NE Grand Rapids Michigan 49505 United States","AMZN_US(TBA314716167763)","Preppy Vinyl Sticker-102PCS Party Supplies Vinyl Waterproof Sticker Aesthetic Stickers Decor Pink Party Mobile Phone Stickers for Laptop Water Bottle Potion Bottle","Not Available","Not Available","Not Available","Not Available"
"Amazon.com","113-9060515-8764210","2024-06-28T23:04:01Z","Not Applicable","USD","39.99","2.4","0","0","42.39","39.99","2.4","B001P0S3XU","New","1","MasterCard - 4603","Closed","Shipped","2024-06-29T04:09:59Z","next-1dc","Pratham Pradhan 2216 Tradition Dr NE Grand Rapids Michigan 49505 United States","Pratham Pradhan 2216 Tradition Dr NE Grand Rapids Michigan 49505 United States","AMZN_US(TBA314113277891)","Harbinger 28900 Polypropylene Dip Belt with 30-Inch Steel Chain , Black","Not Available","Not Available","Not Available","Not Available"
"Amazon.com","113-0750645-5136258","2024-06-24T23:24:33Z","Not Applicable","USD","9.99","0.6","0","0","10.59","35.97","2.16","B07V32CR9J","New","1","MasterCard - 4603","Closed","Shipped","2024-06-25T08:34:12Z","next-1dc","Pratham Pradhan 715 ARBOR ST ANN ARBOR MI 48104-3325 United States","Pratham Pradhan 2216 Tradition Dr NE Grand Rapids Michigan 49505 United States","AMZN_US(TBA314030695775)","CAMBIVO 2 Pack Elbow Brace for Tendonitis, Tennis Elbow Compression Support Sleeve for Golfers Elbow Pain Relief, Arthritis, Bursitis, Workout, Weightlifting","Not Available","Not Available","Not Available","Not Available"
"Amazon.com","113-0750645-5136258","2024-06-24T23:24:33Z","Not Applicable","USD","9.99","0.6","0","0","10.59","35.97","2.16","B0BQC37GDD","New","1","MasterCard - 4603","Closed","Shipped","2024-06-25T08:34:12Z","next-1dc","Pratham Pradhan 715 ARBOR ST ANN ARBOR MI 48104-3325 United States","Pratham Pradhan 2216 Tradition Dr NE Grand Rapids Michigan 49505 United States","AMZN_US(TBA314030695775)","Home Hero 2 Pcs Chef Knife with Sheath - High Carbon Stainless Steel Chopping Knife with Ergonomic Handle - Razor-Sharp Multi-Purpose Kitchen Knife for Chopping Vegetable and Cooking (Black)","Not Available","Not Available","Not Available","Not Available"
"Amazon.com","113-0750645-5136258","2024-06-24T23:24:33Z","Not Applicable","USD","15.99","0.96","0","0","16.95","35.97","2.16","B099MYSH3X","New","1","MasterCard - 4603","Closed","Shipped","2024-06-25T08:34:12Z","next-1dc","Pratham Pradhan 715 ARBOR ST ANN ARBOR MI 48104-3325 United States","Pratham Pradhan 2216 Tradition Dr NE Grand Rapids Michigan 49505 United States","AMZN_US(TBA314030695775)","Cetaphil Face & Body Moisturizer, Hydrating Moisturizing Lotion for All Skin Types, Suitable for Sensitive Skin, NEW 16 oz Pack of 2, Fragrance Free, Hypoallergenic, Non-Comedogenic","Not Available","Not Available","Not Available","Not Available"
"Amazon.com","112-1688670-3397027","2024-06-10T20:39:47Z","Not Applicable","USD","13.5","0.81","0","0","14.31","13.5","0.81","B07YLJPMC3","New","1","MasterCard - 4603","Closed","Shipped","2024-06-11T05:48:33Z","next-1dc","Pratham Pradhan 715 ARBOR ST ANN ARBOR MI 48104-3325 United States","Pratham Pradhan 2216 Tradition Dr NE Grand Rapids Michigan 49505 United States","AMZN_US(TBA313744250024)","CeraVe Acne Foaming Cream Cleanser | Acne Treatment Face Wash with 4% Benzoyl Peroxide, Hyaluronic Acid, and Niacinamide | Cream to Foam Formula | Fragrance Free & Non Comedogenic | 5 Oz","Not Available","Not Available","Not Available","Not Available"
"Amazon.com","113-7444630-0305819","2024-06-08T17:50:49Z","Not Applicable","USD","14.95","0.9","0","0","15.85","14.95","0.9","B08FNMTBQD","New","1","Visa - 2656","Closed","Shipped","2024-06-09T03:53:55Z","no-rush-delivery","Pratham Pradhan 2216 Tradition Dr NE Grand Rapids Michigan 49505 United States","Pratham Pradhan 2216 Tradition Dr NE Grand Rapids Michigan 49505 United States","AMTRAN_SI(9361289687032241138740)","Funny EKG Cricket Game Lover Gifts Cool Cricket Heartbeat T-Shirt","Not Available","Not Available","Not Available","Not Available"
"Amazon.com","112-8831194-3965012","2024-06-06T22:59:22Z","Not Applicable","USD","5.94","0.36","0","0","6.3","5.94","0.36","B08TWLXHH6","New","1","Visa - 4669","Closed","Shipped","2024-06-07T07:16:29Z","next-1dc","Pratham Pradhan 715 ARBOR ST ANN ARBOR MI 48104-3325 United States","Pratham Pradhan 891 BIRCH RD EAST LANSING MI 48825-2400 United States","AMZN_US(TBA313660705032)","Shower Curtain Hooks, Goowin Shower Curtain Rings, Stainless Steel Black Shower Curtain Hooks, Shower Curtain Rings Rust Proof, Free Sliding Double Shower Hooks for Shower Curtain & Liners (Black)","Not Available","Not Available","Not Available","Not Available"
"Amazon.com","112-2215562-5365824","2024-06-03T23:09:14Z","Not Applicable","USD","5.99","0.36","0","0","6.35","5.99","0.36","B0C53864MF","New","1","Visa - 4669","Closed","Shipped","2024-06-06T04:14:23Z","second-nominated-day","Pratham Pradhan 715 ARBOR ST ANN ARBOR MI 48104-3325 United States","Pratham Pradhan 891 BIRCH RD EAST LANSING MI 48825-2400 United States","AMZN_US(TBA313631336845)","TIKABC Grey Shower Curtain Liner, 4G PEVA Shower Liner, Plastic Waterproof Shower Curtains, 72x72 inch with Grommet Holes 3 Magnetic Weights","Not Available","Not Available","Not Available","Not Available"
"Amazon.com","112-0597434-5134653","2024-03-21T23:47:51Z","Not Applicable","USD","3.47","0.21","0","0","3.68","14.46","0.87","B0BVK4CLXC","New","1","MasterCard - 4603","Closed","Shipped","2024-03-22T09:20:59Z","next-1dc","Pratham Pradhan 891 BIRCH RD EAST LANSING MI 48825-2400 United States","Pratham Pradhan 2216 Tradition Dr NE Grand Rapids Michigan 49505 United States","AMZN_US(TBA312266666134)","GRIN Tongue Cleaner, 32 Count, Disposable Tongue Cleaner, Hygienic Scraper, Recycled Plastic, Clean Tongue, Promote Fresh Breath, Includes Safe Fold- Back Tooth Pick","Not Available","Not Available","Not Available","Not Available"
"Amazon.com","112-0597434-5134653","2024-03-21T23:47:51Z","Not Applicable","USD","10.99","0.66","0","0","11.65","14.46","0.87","B08S8QNW2K","New","1","MasterCard - 4603","Closed","Shipped","2024-03-22T09:20:59Z","next-1dc","Pratham Pradhan 891 BIRCH RD EAST LANSING MI 48825-2400 United States","Pratham Pradhan 2216 Tradition Dr NE Grand Rapids Michigan 49505 United States","AMZN_US(TBA312266666134)","Crest Complete Active Fresh + Whitening Toothpaste, 5.5oz (Pack of 4)","Not Available","Not Available","Not Available","Not Available"
"Amazon.com","112-2327355-2897837","2024-03-19T16:48:44Z","Not Applicable","USD","3.79","0.23","0","0","4.02","14.78","0.89","B0BVK4CLXC","New","1","MasterCard - 4603","Closed","Shipped","2024-03-20T07:38:02Z","next-1dc","Pratham Pradhan 2216 Tradition Dr NE Grand Rapids Michigan 49505 United States","Pratham Pradhan 2216 Tradition Dr NE Grand Rapids Michigan 49505 United States","AMZN_US(TBA312229254885)","GRIN Tongue Cleaner, 32 Count, Disposable Tongue Cleaner, Hygienic Scraper, Recycled Plastic, Clean Tongue, Promote Fresh Breath, Includes Safe Fold- Back Tooth Pick","Not Available","Not Available","Not Available","Not Available"
"Amazon.com","112-2327355-2897837","2024-03-19T16:48:44Z","Not Applicable","USD","10.99","0.66","0","0","11.65","14.78","0.89","B08S8QNW2K","New","1","MasterCard - 4603","Closed","Shipped","2024-03-20T07:38:02Z","next-1dc","Pratham Pradhan 2216 Tradition Dr NE Grand Rapids Michigan 49505 United States","Pratham Pradhan 2216 Tradition Dr NE Grand Rapids Michigan 49505 United States","AMZN_US(TBA312229254885)","Crest Complete Active Fresh + Whitening Toothpaste, 5.5oz (Pack of 4)","Not Available","Not Available","Not Available","Not Available"
"Amazon.com","113-9038475-9300243","2024-03-12T20:42:15Z","Not Applicable","USD","16.79","1.01","0","0","21.79","16.79","1.01","B0BR5JHB3Z","New","1","MasterCard - 4603","Closed","Shipped","2024-03-13T20:49:25Z","next-1dc","Pratham Pradhan 2216 Tradition Dr NE Grand Rapids Michigan 49505 United States","Pratham Pradhan 2216 Tradition Dr NE Grand Rapids Michigan 49505 United States","AMZN_US(TBA312116173543)","ROOTRO Touch Bedside Table Lamp, [Sleek Design & RGB Mode] 3 Way Dimmable Small Lamp for Bedroom, LED Lamp with Warm White Lights, Multi-Color Smart Nightstand Lamp for for Living Room Home Gifts","Happy Birthday, Gutil
From: Bubun","Not Available","Not Available","Not Available"
"Amazon.com","112-3555467-3798608","2024-03-06T21:15:51Z","Not Applicable","USD","5.59","0.34","0","0","5.93","5.59","0.34","B0BVQ5ZGN8","New","1","MasterCard - 4603","Closed","Shipped","2024-03-07T06:43:24Z","next-1dc","Pratham Pradhan 891 BIRCH RD EAST LANSING MI 48825-2400 United States","Pratham Pradhan 2216 Tradition Dr NE Grand Rapids Michigan 49505 United States","AMZN_US(TBA312002929741)","USB C to Lightning Cable 3FT 2Pack [Apple MFi Certified], Power Delivery iPhone Cables Type C iPhone Charger Cord Fast Charging Compatible iPhone 14 13 12 11 Pro Max X XS XR 8 7 6s Plus SE","Not Available","Not Available","Not Available","Not Available"
"Amazon.com","112-5331222-1737813","2024-03-04T04:56:00Z","Not Applicable","USD","8.99","0.54","0","0","9.53","38.9","2.16","B0CMGF1XQ6","New","1","MasterCard - 4603","Closed","Shipped","2024-03-05T05:32:49Z","next-1dc","Pratham Pradhan 891 BIRCH RD EAST LANSING MI 48825-2400 United States","Pratham Pradhan 2216 Tradition Dr NE Grand Rapids Michigan 49505 United States","AMZN_US(TBA311970709158)","USB C to USB C Cable 100W 3.3ft for iPhone 15/Pro/Plus/Pro Max, MacBook Pro MacBook Air Charger, iPad Pro 12.9 11 inch, iPad Air 5 4, Mini 6, Samsung, USBC Type C PPS Fast Charging Cord","Not Available","Not Available","Not Available","Not Available"
"Amazon.com","112-5331222-1737813","2024-03-04T04:56:00Z","Not Applicable","USD","2.9","0.17","0","0","3.07","2.9","0.17","B0012DK48C","New","1","MasterCard - 4603","Closed","Shipped","2024-03-12T18:42:11Z","next-1dc","Pratham Pradhan 891 BIRCH RD EAST LANSING MI 48825-2400 United States","Pratham Pradhan 2216 Tradition Dr NE Grand Rapids Michigan 49505 United States","AMZN_US(TBA312094062886)","Q-tips Cotton Swabs For Hygiene and Beauty Care Original Cotton Swab Made With 100% Cotton 375 Count","Not Available","Not Available","Not Available","Not Available"
"Amazon.com","112-5331222-1737813","2024-03-04T04:56:00Z","Not Applicable","USD","29.91","1.62","0","'-2.99'","28.54","38.9","2.16","B0BVBX39B7","New","1","MasterCard - 4603","Closed","Shipped","2024-03-05T05:32:49Z","next-1dc","Pratham Pradhan 891 BIRCH RD EAST LANSING MI 48825-2400 United States","Pratham Pradhan 2216 Tradition Dr NE Grand Rapids Michigan 49505 United States","AMZN_US(TBA311970709158)","Dove Body Wash with Pump Glowing Mango & Almond Butter 3 Count for Renewed, Healthy-Looking Skin Gentle Skin Cleanser with 24hr Renewing MicroMoisture 30.6 oz","Not Available","Not Available","Not Available","Not Available"
"Amazon.com","113-7647227-2902616","2024-02-04T20:48:55Z","Not Applicable","USD","19.76","1.19","0","0","20.95","19.76","1.19","B008YA0Z44","New","1","Gift Certificate/Card and MasterCard - 4603","Closed","Shipped","2024-02-07T06:37:21Z","second-nominated-day","Pratham Pradhan 891 BIRCH RD EAST LANSING MI 48825-2400 United States","Pratham Pradhan 2216 Tradition Dr NE Grand Rapids Michigan 49505 United States","AMZN_US(TBA311524910451)","adidas Men's Athletic Cushioned Crew Socks with Arch Compression for a Secure fit (6-Pair), Black/Aluminum 2, Large","Not Available","Not Available","Not Available","Not Available"
"Amazon.com","113-4386410-1010626","2024-02-04T20:44:18Z","Not Applicable","USD","25.95","1.2","0","'-5.96'","25.18","25.95","1.2","B09JP2TRK4","New","1","Gift Certificate/Card","Closed","Shipped","2024-02-10T18:14:21Z","second-nominated-day","Pratham Pradhan 2216 Tradition Dr NE Grand Rapids Michigan 49505 United States","Pratham Pradhan 2216 Tradition Dr NE Grand Rapids Michigan 49505 United States","USPS(9361289687027705330136)","EverFoams Women's Soft Curly Comfy Full Slippers Memory Foam Lightweight House Shoes Cozy Warm Loafer with Polar Fleece Lining (Grey, Size 7-8 M US)","Happy birthday, Mama
From Bubun","Bubun","Not Available","Not Available"
"Amazon.com","112-6144441-6835440","2024-01-29T19:05:28Z","Not Applicable","USD","3.98","0.24","0","0","4.22","3.98","0.24","B0CLY2HKW5","New","1","MasterCard - 4603","Closed","Shipped","2024-01-30T00:52:15Z","next-1dc","Pratham Pradhan 891 BIRCH RD EAST LANSING MI 48825-2400 United States","Pratham Pradhan 2216 Tradition Dr NE Grand Rapids Michigan 49505 United States","AMZN_US(TBA311387698929)","Polislime 3-Pair Replacement Ear Tips for AirPods Pro & AirPods Pro 2nd Generation with Noise Reduction Hole,No Silicone Eartips Pain,Anti Slip Soft Ear Tips Compatible Airpods Pro/Pro 2 (Sizes S/M/L)","Not Available","Not Available","Not Available","Not Available"
"Amazon.com","114-9407474-4161836","2023-11-26T00:06:26Z","Not Applicable","USD","94.22","5.65","0","0","99.87","94.22","5.65","B07MZX5731","New","1","Gift Certificate/Card and MasterCard - 4603","Closed","Shipped","2023-12-04T19:29:30Z","std-n-us","Pratham Pradhan 891 BIRCH RD EAST LANSING MI 48825-2400 United States","Pratham Pradhan 2216 Tradition Dr NE Grand Rapids Michigan 49505 United States","UPS(1ZY5076A0303069614)","G-Shock GBA800UC-2A Blue One Size","Not Available","Not Available","Not Available","Not Available"
"Amazon.com","114-3562259-8233068","2023-11-24T22:30:13Z","Not Applicable","USD","5.99","0.36","0","0","6.35","10.86","0.65","B0BHH42JZ1","New","1","Gift Certificate/Card and MasterCard - 4603","Closed","Shipped","2023-11-26T16:13:28Z","expd-consolidated-us","Pratham Pradhan 2216 Tradition Dr NE Grand Rapids Michigan 49505 United States","Pratham Pradhan 2216 Tradition Dr NE Grand Rapids Michigan 49505 United States","AMZN_US(TBA310010286031)","DSTELIN Blank Spiral Notebook, 2-Pack, Soft Cover, Sketch Book, 100 Pages / 50 Sheets, 7.5 inch x 5.1 inch, 100GSM, (Black)","Not Available","Not Available","Not Available","Not Available"
"Amazon.com","114-3562259-8233068","2023-11-24T22:30:13Z","Not Applicable","USD","4.87","0.29","0","0","5.16","10.86","0.65","B000I0TZO4","New","1","Gift Certificate/Card and MasterCard - 4603","Closed","Shipped","2023-11-26T16:13:28Z","expd-consolidated-us","Pratham Pradhan 2216 Tradition Dr NE Grand Rapids Michigan 49505 United States","Pratham Pradhan 2216 Tradition Dr NE Grand Rapids Michigan 49505 United States","AMZN_US(TBA310010286031)","Sharpie Permanent Marker, Fine Point, Black, Pack of 5","Not Available","Not Available","Not Available","Not Available"
"Amazon.com","114-1067663-0572251","2023-11-24T22:30:13Z","Not Applicable","USD","9.99","0.6","0","0","10.59","9.99","0.6","B0C64871SM","New","1","Gift Certificate/Card and MasterCard - 4603","Closed","Shipped","2023-12-02T16:47:39Z","second-nominated-day","Pratham Pradhan 2216 Tradition Dr NE Grand Rapids Michigan 49505 United States","Pratham Pradhan 2216 Tradition Dr NE Grand Rapids Michigan 49505 United States","AMZN_US(TBA310164446283)","hangfan Alcohol Markers, 40 Colors Alcohol Based Ink Dual Tip Permanent Markers Pen Set with Case for Kids Artist Coloring Drawing Sketching Designing Outlining Marking Broad&Fine Point","Not Available","Not Available","Not Available","Not Available"
"Amazon.com","114-9712454-2899416","2023-11-24T22:24:24Z","Not Applicable","USD","169.99","10.2","0","0","180.19","169.99","10.2","B0C8PT7DF5","New","1","MasterCard - 4603","Closed","Shipped","2023-11-26T10:37:11Z","next-1dc","Pratham Pradhan 891 BIRCH RD EAST LANSING MI 48825-2400 United States","Pratham Pradhan 2216 Tradition Dr NE Grand Rapids Michigan 49505 United States","AMZN_US(TBA310002196348)","Beats Studio Pro - Wireless Bluetooth Noise Cancelling Headphones - Personalized Spatial Audio, USB-C Lossless Audio, Apple & Android Compatibility, Up to 40 Hours Battery Life - Deep Brown","Not Available","Not Available","Not Available","Serial_Number=SGD7L87092670"
"Amazon.com","114-9712454-2899416","2023-11-24T22:24:24Z","Not Applicable","USD","6.39","0.36","0","'-0.32'","6.43","6.39","0.36","B0C1MTWLMG","New","1","MasterCard - 4603","Closed","Shipped","2023-11-27T20:19:56Z","next-1dc","Pratham Pradhan 891 BIRCH RD EAST LANSING MI 48825-2400 United States","Pratham Pradhan 2216 Tradition Dr NE Grand Rapids Michigan 49505 United States","UPS(1Z0R41W70383980709)","Bicycle Saddle rain Cover seat Waterproof rain Cover for Outdoor Indoor Urban and Transport in The Bike seat rain and dust Protection","Not Available","Not Available","Not Available","Not Available"
"Amazon.com","114-4394604-8178662","2023-11-08T05:04:37Z","Not Applicable","USD","13.99","0.84","0","0","18.82","13.99","0.84","B09G3HDQD9","New","1","MasterCard - 4603","Closed","Shipped","2023-11-11T12:46:59Z","second-nominated-day","Pratham Pradhan 2216 Tradition Dr NE Grand Rapids Michigan 49505 United States","Pratham Pradhan 2216 Tradition Dr NE Grand Rapids Michigan 49505 United States","AMZN_US(TBA309695208342)","Q.PaddyShops Cricket Gift, Cricket Mug, Funny Cricket Gifts For Men, Him, Husband, Boyfriend, Dad, Cricketing Gifts, Gift For Cricketers, Playing Cricket 11oz, MUG-LETUWEDO8X-11oz","Happy Birthday, Baba. 
From Bubun","Bubun","Not Available","Not Available"
"Amazon.com","112-8912746-3820218","2023-10-25T04:18:26Z","Not Applicable","USD","12.59","0.63","0","'-2.02'","11.2","38.53","2.02","B07YLJPMC3","New","1","MasterCard - 4603","Closed","Shipped","2023-10-26T19:40:36Z","second-nominated-day","Pratham Pradhan 891 BIRCH RD EAST LANSING MI 48825-2400 United States","Pratham Pradhan 2216 Tradition Dr NE Grand Rapids Michigan 49505 United States","AMZN_US(TBA309429554772)","CeraVe Acne Foaming Cream Cleanser | Acne Treatment Face Wash with 4% Benzoyl Peroxide, Hyaluronic Acid, and Niacinamide | Cream to Foam Formula | Fragrance Free & Non Comedogenic | 5 Oz","Not Available","Not Available","Not Available","Not Available"
"Amazon.com","112-8912746-3820218","2023-10-25T04:18:26Z","Not Applicable","USD","9.96","0.5","0","'-1.6'","8.86","38.53","2.02","B00NR1YQKO","New","1","MasterCard - 4603","Closed","Shipped","2023-10-26T19:40:36Z","second-nominated-day","Pratham Pradhan 891 BIRCH RD EAST LANSING MI 48825-2400 United States","Pratham Pradhan 2216 Tradition Dr NE Grand Rapids Michigan 49505 United States","AMZN_US(TBA309429554772)","Neutrogena Oil Free Acne Facial Moisturizer with.5% Salicylic Acid Acne Treatment, Pink Grapefruit Acne Fighting Face Lotion for Breakouts, Non-Greasy & Non-Comedogenic, 4 fl. oz","Not Available","Not Available","Not Available","Not Available"
"Amazon.com","112-8912746-3820218","2023-10-25T04:18:26Z","Not Applicable","USD","4.99","0.3","0","0","5.29","38.53","2.02","B0CH67GVNH","New","1","MasterCard - 4603","Closed","Shipped","2023-10-26T19:40:36Z","second-nominated-day","Pratham Pradhan 891 BIRCH RD EAST LANSING MI 48825-2400 United States","Pratham Pradhan 2216 Tradition Dr NE Grand Rapids Michigan 49505 United States","AMZN_US(TBA309429554772)","Mulbozy 4 Pack Portable Travel Toothbrush Case, Transparent Breathable Plastic Toothbrush Holder for Home, Travel, Business, Camping, School","Not Available","Not Available","Not Available","Not Available"
"Amazon.com","112-8912746-3820218","2023-10-25T04:18:26Z","Not Applicable","USD","10.99","0.59","0","'-1.1'","10.48","38.53","2.02","B0BCJWVXNY","New","1","MasterCard - 4603","Closed","Shipped","2023-10-26T19:40:36Z","second-nominated-day","Pratham Pradhan 891 BIRCH RD EAST LANSING MI 48825-2400 United States","Pratham Pradhan 2216 Tradition Dr NE Grand Rapids Michigan 49505 United States","AMZN_US(TBA309429554772)","TechRise Umbrellas for Rain Windproof, Large Travel Folding Umbrella Auto Open Close Strong Wind Rain Proof with 10 Ribs Collapsible Umbrella for wind Portable Compact Golf Umbrella for Men Women","Not Available","Not Available","Not Available","Not Available"
"Amazon.com","114-5867097-1214644","2023-09-05T00:34:43Z","Not Applicable","USD","22","1.32","0","0","23.32","49.52","1.73","B09VMT5SV7","New","1","MasterCard - 4603","Closed","Shipped","2023-09-07T07:39:00Z","second-nominated-day","Pratham Pradhan 891 BIRCH RD EAST LANSING MI 48825-2400 United States","Pratham Pradhan 2216 Tradition Dr NE Grand Rapids Michigan 49505 United States","AMZN_US(TBA308577379227)","Five Star Spiral Notebooks, 3 Pack, 3 Subject, Wide Ruled Paper, 10 1/2"" x 8"", Blue, Red, & Black (930081)","Not Available","Not Available","Not Available","Not Available"
"Amazon.com","114-5867097-1214644","2023-09-05T00:34:43Z","Not Applicable","USD","27.52","0.41","0","'-20.65'","7.28","49.52","1.73","B09P8VX6R1","New","1","MasterCard - 4603","Closed","Shipped","2023-09-07T07:39:00Z","second-nominated-day","Pratham Pradhan 891 BIRCH RD EAST LANSING MI 48825-2400 United States","Pratham Pradhan 2216 Tradition Dr NE Grand Rapids Michigan 49505 United States","AMZN_US(TBA308577379227)","Dove Men+Care Antiperspirant Deodorant Sea Salt and Wild Lavender Natural Inspired Deodorant for men 2.6 oz 4 Count","Not Available","Not Available","Not Available","Not Available"
"Amazon.com","112-0891311-2473841","2023-08-24T21:55:29Z","Not Applicable","USD","9.99","0.6","0","0","10.59","9.99","0.6","B07L64SWDR","New","1","MasterCard - 4603","Closed","Shipped","2023-08-27T10:44:54Z","next-1dc","Pratham Pradhan 891 BIRCH RD EAST LANSING MI 48825-2400 United States","Pratham Pradhan 2216 Tradition Dr NE Grand Rapids Michigan 49505 United States","AMZN_US(TBA308400327410)","Shower Puff 4 Pack Black Bath Sponge Shower Loofahs Pouf Ball Nature Bamboo Charcoal Mesh Bulk Puffs Large, Shower Essential Skin Care by WhaleLife","Not Available","Not Available","Not Available","Not Available"
"Amazon.com","112-0754058-9490656","2023-08-23T18:18:44Z","Not Applicable","USD","12.59","0.76","0","0","13.35","12.59","0.76","B07C2NL5HK","New","1","MasterCard - 4603","Closed","Shipped","2023-08-24T02:50:42Z","next-1dc","Pratham Pradhan 891 BIRCH RD EAST LANSING MI 48825-2400 United States","Pratham Pradhan 2216 Tradition Dr NE Grand Rapids Michigan 49505 United States","AMZN_US(TBA308344964072)","TECKNET Bluetooth Mouse, 3200 DPI Computer Mouse, 24-Month Battery Life Wireless Mouse 6 Adjustable DPI, 6 Buttons Compatible with iPad Pro/Laptop/Surface Pro/Windows Computer/Chromebook-Black","Not Available","Not Available","Not Available","Not Available"
"Amazon.com","114-1992221-1398645","2023-08-22T01:17:07Z","Not Applicable","USD","9.99","0.48","0","'-2'","8.47","9.99","0.48","B07VNSXY31","New","1","MasterCard - 4603","Closed","Shipped","2023-08-22T16:20:38Z","next-1dc","Pratham Pradhan 2216 Tradition Dr NE Grand Rapids Michigan 49505 United States","Pratham Pradhan 2216 Tradition Dr NE Grand Rapids Michigan 49505 United States","AMZN_US(TBA308318371534)","EZlifego Double Sided Tape Heavy Duty, Extra Large Nano Double Sided Adhesive Tape, Clear Mounting Tape Picture Hanging Adhesive Strips,Removable Wall Tape Sticky Poster Tape Decor Carpet Tape(9.85FT)","Not Available","Not Available","Not Available","Authenticity_2D=AZ:6K3BASERBRE43A18NPJ4GKDNY4"
"Amazon.com","114-1710194-8914657","2023-08-21T03:01:33Z","Not Applicable","USD","13.99","0.8","0","'-0.7'","14.09","17.84","1.03","B0BB6X5BF8","New","1","MasterCard - 4603","Closed","Shipped","2023-08-22T06:01:48Z","next-1dc","Pratham Pradhan 2216 Tradition Dr NE Grand Rapids Michigan 49505 United States","Pratham Pradhan 2216 Tradition Dr NE Grand Rapids Michigan 49505 United States","AMZN_US(TBA308311084580)","SUOHUI 12 Inch Silent Wall Clock Non-Ticking Modern Style Wall Clocks Battery Operated for Home/Bedroom/Office/Classroom/School/Living Room Decor(Golden Frame Black Dial)","Not Available","Not Available","Not Available","Not Available"
"Amazon.com","114-1710194-8914657","2023-08-21T03:01:33Z","Not Applicable","USD","3.85","0.23","0","0","4.08","17.84","1.03","B01MSK084Q","New","1","MasterCard - 4603","Closed","Shipped","2023-08-22T06:01:48Z","next-1dc","Pratham Pradhan 2216 Tradition Dr NE Grand Rapids Michigan 49505 United States","Pratham Pradhan 2216 Tradition Dr NE Grand Rapids Michigan 49505 United States","AMZN_US(TBA308311084580)","4pc Panasonic AA Batteries Super Heavy Duty Power Carbon Zinc Double A Battery 1.5v","Not Available","Not Available","Not Available","Not Available"
"Amazon.com","114-1710194-8914657","2023-08-21T03:01:33Z","Not Applicable","USD","5.99","0.36","0","0","6.35","19.98","1.2","B0BZCVNHJQ","New","1","MasterCard - 4603","Closed","Shipped","2023-08-22T05:01:11Z","next-1dc","Pratham Pradhan 2216 Tradition Dr NE Grand Rapids Michigan 49505 United States","Pratham Pradhan 2216 Tradition Dr NE Grand Rapids Michigan 49505 United States","AMZN_US(TBA308313529418)","Retainer Case Denture Case: BVN Orthodontic Dental Case, Slim Braces Case, Mouth Guard Case, Denture Box, Teeth Aligner Case, Night Guard Case Container Storage Holder Black","Not Available","Not Available","Not Available","Not Available"
"Amazon.com","114-1710194-8914657","2023-08-21T03:01:33Z","Not Applicable","USD","11.99","0.68","0","'-0.6'","12.07","11.99","0.68","B0BC3RGMZL","New","1","MasterCard - 4603","Closed","Shipped","2023-08-21T20:12:37Z","next-1dc","Pratham Pradhan 2216 Tradition Dr NE Grand Rapids Michigan 49505 United States","Pratham Pradhan 2216 Tradition Dr NE Grand Rapids Michigan 49505 United States","AMZN_US(TBA308301462673)","HxH Themed Hunter License Keychain Necklace Set - Hunter Killua GON Anime Key Chain - Halloween Cosplay Gifts for Kids Girls Teens Women Men","Not Available","Not Available","Not Available","Not Available"
"Amazon.com","114-1710194-8914657","2023-08-21T03:01:33Z","Not Applicable","USD","13.99","0.84","0","0","14.83","19.98","1.2","B08ZXVBHTS","New","1","MasterCard - 4603","Closed","Shipped","2023-08-22T05:01:11Z","next-1dc","Pratham Pradhan 2216 Tradition Dr NE Grand Rapids Michigan 49505 United States","Pratham Pradhan 2216 Tradition Dr NE Grand Rapids Michigan 49505 United States","AMZN_US(TBA308313529418)","BTSKY Desk Pen Pencil Holder Retro Wood Multi-Function Desk Stationery Organizer Storage Box Pen/Pencil, Business Name Cards Remote Control Holder Office Home Accessories Organizer Vintage Brown","Not Available","Not Available","Not Available","Not Available"
"Amazon.com","114-1710194-8914657","2023-08-21T03:01:33Z","Not Applicable","USD","5.99","0.36","0","0","6.35","5.99","0.36","B00Z83DJVG","New","1","MasterCard - 4603","Closed","Shipped","2023-08-21T21:12:54Z","next-1dc","Pratham Pradhan 2216 Tradition Dr NE Grand Rapids Michigan 49505 United States","Pratham Pradhan 2216 Tradition Dr NE Grand Rapids Michigan 49505 United States","AMZN_US(TBA308309000106)","Under Armour Men's Performance Headband , Black (001)/White , One Size Fits All","Not Available","Not Available","Not Available","Not Available"
"Amazon.com","111-3177049-0522625","2023-08-18T01:20:56Z","Not Applicable","USD","25.99","1.56","0","0","27.55","68.49","4.11","B07HF7VMXZ","New","1","Gift Certificate/Card and MasterCard - 4603","Closed","Shipped","2023-08-21T06:42:19Z","second-nominated-day","Pratham Pradhan 2216 Tradition Dr NE Grand Rapids Michigan 49505 United States","Pratham Pradhan 2216 Tradition Dr NE Grand Rapids Michigan 49505 United States","AMZN_US(TBA308295837669)","La Roche-Posay Anthelios Mineral Sunscreen Gentle Lotion Broad Spectrum SPF 50, Face and Body Sunscreen with Zinc Oxide and Titanium Dioxide, Oxybenzone & Octinoxate Free, Oil-Free","Not Available","Not Available","Not Available","Not Available"
"Amazon.com","111-3177049-0522625","2023-08-18T01:20:56Z","Not Applicable","USD","6.99","0.42","0","0","7.41","68.49","4.11","B07Y35MGWB","New","1","Gift Certificate/Card and MasterCard - 4603","Closed","Shipped","2023-08-21T06:42:19Z","second-nominated-day","Pratham Pradhan 2216 Tradition Dr NE Grand Rapids Michigan 49505 United States","Pratham Pradhan 2216 Tradition Dr NE Grand Rapids Michigan 49505 United States","AMZN_US(TBA308295837669)","WENHSIN 10Packs 4-Pin RGB LED Light Strip Connectors 10mm Unwired Gapless Solderless Adapter Terminal Extension for SMD 5050 Multicolor Strip","Not Available","Not Available","Not Available","Not Available"
"Amazon.com","111-3177049-0522625","2023-08-18T01:20:56Z","Not Applicable","USD","13.4","0.8","0","0","14.2","68.49","4.11","B07YLJPMC3","New","1","Gift Certificate/Card and MasterCard - 4603","Closed","Shipped","2023-08-21T06:42:19Z","second-nominated-day","Pratham Pradhan 2216 Tradition Dr NE Grand Rapids Michigan 49505 United States","Pratham Pradhan 2216 Tradition Dr NE Grand Rapids Michigan 49505 United States","AMZN_US(TBA308295837669)","CeraVe Acne Foaming Cream Cleanser | Acne Treatment Face Wash with 4% Benzoyl Peroxide, Hyaluronic Acid, and Niacinamide | Cream to Foam Formula | Fragrance Free & Non Comedogenic | 5 Oz","Not Available","Not Available","Not Available","Not Available"
"Amazon.com","111-3177049-0522625","2023-08-18T01:20:56Z","Not Applicable","USD","12.99","0.78","0","0","13.77","68.49","4.11","B09V366BDY","New","1","Gift Certificate/Card and MasterCard - 4603","Closed","Shipped","2023-08-21T06:42:19Z","second-nominated-day","Pratham Pradhan 2216 Tradition Dr NE Grand Rapids Michigan 49505 United States","Pratham Pradhan 2216 Tradition Dr NE Grand Rapids Michigan 49505 United States","AMZN_US(TBA308295837669)","KSIPZE 100ft Led Strip Lights RGB Music Sync Color Changing,Bluetooth Led Lights with Smart App Control Remote,Led Lights for Bedroom Room Lighting Flexible Home Décor","Not Available","Not Available","Not Available","Not Available"
"Amazon.com","111-3177049-0522625","2023-08-18T01:20:56Z","Not Applicable","USD","9.12","0.55","0","0","9.67","68.49","4.11","B00NR1YQKO","New","1","Gift Certificate/Card and MasterCard - 4603","Closed","Shipped","2023-08-21T06:42:19Z","second-nominated-day","Pratham Pradhan 2216 Tradition Dr NE Grand Rapids Michigan 49505 United States","Pratham Pradhan 2216 Tradition Dr NE Grand Rapids Michigan 49505 United States","AMZN_US(TBA308295837669)","Neutrogena Oil Free Acne Facial Moisturizer with.5% Salicylic Acid Acne Treatment, Pink Grapefruit Acne Fighting Face Lotion for Breakouts, Non-Greasy & Non-Comedogenic, 4 fl. oz","Not Available","Not Available","Not Available","Not Available"
"Amazon.com","111-3839030-8783434","2023-08-13T02:04:32Z","Not Applicable","USD","12.4","0.74","0","0","13.14","12.4","0.74","B088W2DK27","New","1","MasterCard - 4603","Closed","Shipped","2023-08-13T06:08:35Z","next-1dc","Pratham Pradhan 2216 Tradition Dr NE Grand Rapids Michigan 49505 United States","Pratham Pradhan 2216 Tradition Dr NE Grand Rapids Michigan 49505 United States","AMZN_US(TBA308165172197)","Crizal Eye Glasses Cleaning Spray Lens Cleaner (2 oz) | #1 Doctor Recommended Cleaner For All Anti Reflective Lenses - 4 pack","Not Available","Not Available","Not Available","Not Available"
"Amazon.com","111-5073409-5594668","2023-08-13T01:52:38Z","Not Applicable","USD","30.4","1.82","0","0","32.22","30.4","1.82","B0009KBHD0","New","1","MasterCard - 4603","Closed","Shipped","2023-08-14T02:14:23Z","next-1dc","Pratham Pradhan 2216 Tradition Dr NE Grand Rapids Michigan 49505 United States","Pratham Pradhan 2216 Tradition Dr NE Grand Rapids Michigan 49505 United States","AMZN_US(TBA308178087840)","ONGUARD Bulldog STD U-Lock, Black/Yellow","Not Available","Not Available","Not Available","Not Available"
"Amazon.com","112-2377084-5935432","2023-08-07T21:57:03Z","Not Applicable","USD","13.88","0.83","0","0","14.71","13.88","0.83","B0C6XBP812","New","1","Visa - 8686","Closed","Shipped","2023-08-08T04:49:17Z","next-1dc","Pratham Pradhan 2216 Tradition Dr NE Grand Rapids Michigan 49505 United States","Pratham Pradhan 2216 Tradition Dr NE Grand Rapids Michigan 49505 United States","AMZN_US(TBA308077782241)","GobbaGoods Lightning to 3.5mm Aux Cord Audio Jack 2 in 1 Charging Audio Cable Works with Car Stereo Speaker Headphone Car Charger to 3.5mm Stereo Aux Cable Compatible with 13 Pro/12/11/X/8/7 3.3FT","Not Available","Not Available","Not Available","Not Available"
"Amazon.com","112-2377084-5935432","2023-08-07T21:57:03Z","Not Applicable","USD","9.99","0.6","0","0","10.59","9.99","0.6","B078HVDMW2","New","1","Visa - 8686","Closed","Shipped","2023-08-09T05:40:27Z","next-1dc","Pratham Pradhan 2216 Tradition Dr NE Grand Rapids Michigan 49505 United States","Pratham Pradhan 2216 Tradition Dr NE Grand Rapids Michigan 49505 United States","AMZN_US(TBA308079667368)","IVANKY VESA Certified DisplayPort Cable, 6.6ft DP Cable 1.2,[4K@60Hz, 2K@165Hz, 2K@144Hz], Gold-Plated Braided High Speed Display Port Cable 144Hz, for Gaming Monitor, Graphics Card, TV, PC, Laptop","Not Available","Not Available","Not Available","Not Available"
"Amazon.com","112-4893428-9630644","2023-08-07T21:54:24.155Z","Not Applicable","USD","13.88","0","0","0","0","Not Available","Not Available","B0C6XBP812","New","0","Visa - 8686","Cancelled","Not Available","Not Available","next-1dc","Pratham Pradhan 2216 Tradition Dr NE Grand Rapids Michigan 49505 United States","Pratham Pradhan 2216 Tradition Dr NE Grand Rapids Michigan 49505 United States","Not Available","GobbaGoods Lightning to 3.5mm Aux Cord Audio Jack 2 in 1 Charging Audio Cable Works with Car Stereo Speaker Headphone Car Charger to 3.5mm Stereo Aux Cable Compatible with 13 Pro/12/11/X/8/7 3.3FT","Not Available","Not Available","Not Available","Not Available"
"Amazon.com","112-4893428-9630644","2023-08-07T21:54:24.155Z","Not Applicable","USD","9.99","0","0","0","0","Not Available","Not Available","B078HVDMW2","New","0","Visa - 8686","Cancelled","Not Available","Not Available","next-1dc","Pratham Pradhan 2216 Tradition Dr NE Grand Rapids Michigan 49505 United States","Pratham Pradhan 2216 Tradition Dr NE Grand Rapids Michigan 49505 United States","Not Available","IVANKY VESA Certified DisplayPort Cable, 6.6ft DP Cable 1.2,[4K@60Hz, 2K@165Hz, 2K@144Hz], Gold-Plated Braided High Speed Display Port Cable 144Hz, for Gaming Monitor, Graphics Card, TV, PC, Laptop","Not Available","Not Available","Not Available","Not Available"
"Amazon.com","111-8434496-3173064","2023-08-06T02:33:31Z","Not Applicable","USD","19.99","1.2","0","0","21.19","19.99","1.2","B00MCW8R1S","New","1","Visa - 8686","Closed","Shipped","2023-08-18T06:39:00Z","second","Pratham Pradhan 2216 Tradition Dr NE Grand Rapids Michigan 49505 United States","Pratham Pradhan 2216 Tradition Dr NE Grand Rapids Michigan 49505 United States","AMZN_US(TBA308243152440)","Timberland mens 35mm Classic Jean apparel belts, Black, 32 US","Not Available","Not Available","Not Available","Not Available"
"Amazon.com","111-0022978-5613003","2023-08-02T01:56:12Z","Not Applicable","USD","24.64","1.48","0","0","26.12","48.37","2.9","B0915GG1CX","New","1","Visa - 8686","Closed","Shipped","2023-08-03T01:51:43Z","sss-us","Pratham Pradhan 2216 Tradition Dr NE Grand Rapids Michigan 49505 United States","Pratham Pradhan 2216 Tradition Dr NE Grand Rapids Michigan 49505 United States","UPS_GR_DF(1Z9AE6140329733151)","Calvin Klein Casual Military Buckle-Adjustable Web Belts-1 Pack and 3 Pack Options, Gray, Medium (34-36)","Not Available","Not Available","Not Available","Not Available"
"Amazon.com","111-0022978-5613003","2023-08-02T01:56:12Z","Not Applicable","USD","23.73","1.42","0","0","25.15","48.37","2.9","B09LKXN8DM","New","1","Visa - 8686","Closed","Shipped","2023-08-03T01:51:43Z","sss-us","Pratham Pradhan 2216 Tradition Dr NE Grand Rapids Michigan 49505 United States","Pratham Pradhan 2216 Tradition Dr NE Grand Rapids Michigan 49505 United States","UPS_GR_DF(1Z9AE6140329733151)","Calvin Klein Casual Military Buckle-Adjustable Web Belts-1 Pack and 3 Pack Options, Double Black, Small (30-32)","Not Available","Not Available","Not Available","Not Available"
"Amazon.com","111-7106011-8045841","2023-06-19T05:16:25Z","Not Applicable","USD","14.99","0.63","0","'-4.5'","11.12","27.73","1.39","B0B1DCNM2K","New","1","Visa - 8686","Closed","Shipped","2023-06-22T16:12:54Z","sss-us","Pratham Pradhan 2216 Tradition Dr NE Grand Rapids Michigan 49505 United States","Pratham Pradhan 2216 Tradition Dr NE Grand Rapids Michigan 49505 United States","USPS(9374889687021151963951)","Car Phone Holder Mount [Military-Grade Suction & Stable Hook] Phone Mount for Car Windshield Dashboard Air Vent Universal Hands-Free Automobile Mounts Cell Phone Holder Fit for iPhone Smartphones","Not Available","Not Available","Not Available","Not Available"
"Amazon.com","111-7106011-8045841","2023-06-19T05:16:25Z","Not Applicable","USD","12.74","0.76","0","0","13.5","27.73","1.39","B08P5KTGZZ","New","1","Visa - 8686","Closed","Shipped","2023-06-22T16:12:54Z","sss-us","Pratham Pradhan 2216 Tradition Dr NE Grand Rapids Michigan 49505 United States","Pratham Pradhan 2216 Tradition Dr NE Grand Rapids Michigan 49505 United States","USPS(9374889687021151963951)","SOJOS Classic Aviator Polarized Sunglasses for Men Women Vintage Retro Style,Gold/Gradient Grey","Not Available","Not Available","Not Available","Not Available"
"Amazon.com","112-4993106-1085807","2023-05-21T05:43:42Z","Not Applicable","USD","4.29","0.26","3.17","0","7.72","9.68","0.58","B0BK9VJ9DY","New","1","Visa - 8686","Closed","Shipped","2023-05-23T05:00:38Z","std-us-nft","Pratham Pradhan 140 E BRODY RD EAST LANSING MI 48825-4801 United States","Pratham Pradhan 2216 Tradition Dr NE Grand Rapids Michigan 49505 United States","AMZN_US(TBA306833604089)","XCHIN Hand Wrist Lanyard Key Chain Holder, Black Wristlet Strap for Key for Women & Men, Short Keychain Lanyard for Car Key","Not Available","Not Available","Not Available","Not Available"
"Amazon.com","112-4993106-1085807","2023-05-21T05:43:42Z","Not Applicable","USD","5.39","0.32","3.18","0","8.89","9.68","0.58","B09SZLQ462","New","1","Visa - 8686","Closed","Shipped","2023-05-23T05:00:38Z","std-us-nft","Pratham Pradhan 140 E BRODY RD EAST LANSING MI 48825-4801 United States","Pratham Pradhan 2216 Tradition Dr NE Grand Rapids Michigan 49505 United States","AMZN_US(TBA306833604089)","XCHIN Lanyards for Keys, Black Keychain Long Lanyard for Women Men, Cute Neck Lanyard for ID Badges Wallet","Not Available","Not Available","Not Available","Not Available"
"Amazon.com","112-5023713-9071418","2023-03-12T17:16:12Z","Not Applicable","USD","19.99","1.2","6.35","0","31.53","19.99","1.2","B0B3QD38QJ","New","1","Visa - 8686","Closed","Shipped","2023-03-13T15:24:45Z","std-us-5","Pratham Pradhan 2216 Tradition Dr NE Grand Rapids Michigan 49505 United States","Pratham Pradhan 2216 Tradition Dr NE Grand Rapids Michigan 49505 United States","USPS(9361289721319057294260)","Spy Ninjas 11 Piece Decoys & Diversions Mission Kit by Chad Wild Clay and Vy Qwaint, Multi","Happy birthday Gutil. Enjoy your kit.
From Bubun Bhai","Bubun Bhai","Not Available","Not Available"
"Amazon.com","112-9449971-0115436","2023-03-08T03:34:10Z","Not Applicable","USD","12.95","0.78","6.35","0","20.08","12.95","0.78","0553418831","New","1","Visa - 8686","Closed","Shipped","2023-03-08T10:23:10Z","std-us-5","Pratham Pradhan 209 W BRODY RD EAST LANSING MI 48825-4800 United States","Pratham Pradhan 2216 Tradition Dr NE Grand Rapids Michigan 49505 United States","AMZN_US(TBA305678552275)","Weapons of Math Destruction: How Big Data Increases Inequality and Threatens Democracy","Not Available","Not Available","Not Available","Not Available"
"Amazon.com","112-3859355-1815465","2023-01-28T04:42:35Z","Not Applicable","USD","6.29","0.38","6.35","0","17.01","6.29","0.38","B0838G23M1","New","1","Visa - 8686","Closed","Shipped","2023-01-28T16:24:54Z","std-us-5","Pratham Pradhan 209 W BRODY RD EAST LANSING MI 48825-4800 United States","Pratham Pradhan 2216 Tradition Dr NE Grand Rapids Michigan 49505 United States","AMZN_US(TBA305087770031)","NIYIKOW Grip Strength Trainer, Hand Grip Strengthener, Adjustable Resistance 22-132Lbs (10-60kg), Non-Slip Gripper, Perfect for Musicians Athletes and Hand Rehabilitation Exercising (Black, 1 Pack)","Happy Birthday Mama! Enjoy your grip strengthener!
From Pratham Pradhan","Pratham Pradhan","Not Available","Not Available"
"Amazon.com","112-8099789-9671454","2022-11-09T06:11:26Z","Not Applicable","USD","19.94","1.2","10.59","0","35.72","19.94","1.2","B008F0JERW","New","1","Visa - 8686","Closed","Shipped","2022-11-10T20:48:07Z","second","Pratham Pradhan 2216 Tradition Dr NE Grand Rapids Michigan 49505 United States","Pratham Pradhan 2216 Tradition Dr NE Grand Rapids Michigan 49505 United States","AMZN_US(TBA303677827481)","NIKE Unisex Performance Cushion Crew Training Socks (3 Pairs), Black/White, Large","Happy birthday Baba! Have a great one! Best, Bubun
From Pratham Pradhan","Pratham Pradhan","Not Available","Not Available"
"Amazon.com","112-6783386-2098637","2022-11-09T05:57:40.437Z","Not Applicable","USD","8.99","0","0","0","0","Not Available","Not Available","B0879DVLC5","New","0","Visa - 8686","Cancelled","Not Available","Not Available","std-us-nft","Pratham Pradhan 2216 Tradition Dr NE Grand Rapids Michigan 49505 United States","Pratham Pradhan 2216 Tradition Dr NE Grand Rapids Michigan 49505 United States","Not Available","Elite Basketball Socks, Cushioned Athletic Sports Crew Socks for Men Boy Women Girl","Not Available","Not Available","Not Available","Not Available"
"Amazon.com","112-9815221-9853057","2022-10-12T01:55:45Z","Not Applicable","USD","5.59","0.34","0","0","5.93","24.54","1.48","B07Y35MGWB","New","1","Visa - 8686","Closed","Shipped","2022-10-13T07:46:36Z","second-nominated-day","Pratham Pradhan 209 W BRODY RD EAST LANSING MI 48825-4800 United States","Pratham Pradhan 2216 Tradition Dr NE Grand Rapids Michigan 49505 United States","AMZN_US(TBA303283335147)","WENHSIN 10Packs 4-Pin RGB LED Light Strip Connectors 10mm Unwired Gapless Solderless Adapter Terminal Extension for SMD 5050 Multicolor LED Strip (10Pack 4PIN RGB Connector)","Not Available","Not Available","Not Available","Not Available"
"Amazon.com","112-9815221-9853057","2022-10-12T01:55:45Z","Not Applicable","USD","18.95","1.14","0","0","20.09","24.54","1.48","B09V366BDY","New","1","Visa - 8686","Closed","Shipped","2022-10-13T07:46:36Z","second-nominated-day","Pratham Pradhan 209 W BRODY RD EAST LANSING MI 48825-4800 United States","Pratham Pradhan 2216 Tradition Dr NE Grand Rapids Michigan 49505 United States","AMZN_US(TBA303283335147)","Ksipze 100ft Led Strip Lights (2 Rolls of 50ft) RGB Music Sync Color Changing, Led Lights with Smart App Control Remote, Led Lights for Bedroom Lighting Flexible Home Decoration","Not Available","Not Available","Not Available","Not Available"
"Amazon.com","113-8942000-0551433","2022-08-24T21:48:58Z","Not Applicable","USD","0","0","0","0","0","0","0","B09N77Z84N","New","1","Not Available","Closed","Shipped","2022-08-27T05:30:31Z","second","Pratham Pradhan 2216 Tradition Dr NE Grand Rapids Michigan 49505 United States","Pratham Pradhan 2216 Tradition Dr NE Grand Rapids Michigan 49505 United States","AMZN_US(TBA029325623504)","Teclor Push Up Bar, 9.5in High Parallettes Bars Great for L-sit, Handstands, Full Planche & Dips, Heavy-duty No Wobbling Calisthenics Equipment MAX Capacity 660LBS, 1.5in Dia Save Wrist & Great Grip","Not Available","Not Available","Not Available","Not Available"
"Amazon.com","112-6460184-7502604","2022-08-20T16:53:15Z","Not Applicable","USD","34.99","1.89","0","'-3.5'","33.38","34.99","1.89","B09N77Z84N","New","1","Visa - 8686","Closed","Shipped","2022-08-22T08:05:11Z","second","Pratham Pradhan 2216 Tradition Dr NE Grand Rapids Michigan 49505 United States","Pratham Pradhan 2216 Tradition Dr NE Grand Rapids Michigan 49505 United States","AMZN_US(TBA022426805204)","Teclor Push Up Bar, 9.5in High Parallettes Bars Great for L-sit, Handstands, Full Planche & Dips, Heavy-duty No Wobbling Calisthenics Equipment MAX Capacity 660LBS, 1.5in Dia Save Wrist & Great Grip","Not Available","Not Available","Not Available","Not Available"
"Amazon.com","112-0496560-1909831","2022-07-31T01:42:51Z","Not Applicable","USD","99.99","6","0","0","105.99","149.98","9","B01M0XJYVO","New","1","Visa - 8686","Closed","Shipped","2022-07-31T02:00:27Z","Next US D2D Dom","Pratham Pradhan 2216 Tradition Dr NE Grand Rapids Michigan 49505 United States","Pratham Pradhan 2216 Tradition Dr NE Grand Rapids Michigan 49505 United States","FedEx(276196993045)","Spikeball Pro Kit (Tournament Edition) - Includes Upgraded Stronger Playing Net, New Balls Designed to Add Spin, Portable Ball Pump Gauge, Backpack - As Seen on Shark Tank TV","Not Available","Not Available","Not Available","Not Available"
"Amazon.com","112-0496560-1909831","2022-07-31T01:42:51Z","Not Applicable","USD","49.99","3","0","0","52.99","149.98","9","B08BJB9C6M","New","1","Visa - 8686","Closed","Shipped","2022-07-31T02:00:27Z","Next US D2D Dom","Pratham Pradhan 2216 Tradition Dr NE Grand Rapids Michigan 49505 United States","Pratham Pradhan 2216 Tradition Dr NE Grand Rapids Michigan 49505 United States","FedEx(276196993045)","Spikeball SpikeBrite Accessory - Light-Up Set Attachment - Play at Night - Does Not Include Set","Not Available","Not Available","Not Available","Not Available"
"Amazon.com","113-9332483-5713058","2022-05-21T02:48:50Z","Not Applicable","USD","197","11.82","0","0","208.82","197","11.82","B09JQMJHXY","New","1","Gift Certificate/Card and Visa - 2273","Closed","Shipped","2022-05-23T07:32:51Z","second-nominated-day","Pratham Pradhan 2216 Tradition Dr NE Grand Rapids Michigan 49505 United States","Pratham Pradhan 2216 Tradition Dr NE Grand Rapids Michigan 49505 United States","AMZN_US(TBA105463613104)","Apple AirPods Pro","Not Available","Not Available","Not Available","Serial_Number=SH1CHHB9F1059"
"Amazon.com","113-5644319-3463402","2022-01-15T17:26:53Z","Not Applicable","USD","9.89","0.59","0","0","10.48","9.89","0.59","0141439564","New","1","Visa - 2273","Closed","Shipped","2022-01-16T05:36:48Z","next-1dc","Pratham Pradhan 2216 Tradition Dr NE Grand Rapids Michigan 49505 United States","Pratham Pradhan 2216 Tradition Dr NE Grand Rapids Michigan 49505 United States","AMZN_US(TBA157065490204)","Great Expectations (Penguin Classics)","Not Available","Not Available","Not Available","Not Available"
"Amazon.com","113-7026947-4507430","2021-10-10T21:57:10Z","Not Applicable","USD","6.21","0.37","0","0","6.58","25.65","1.54","074347712X","New","1","Visa - 2273","Closed","Shipped","2021-10-11T23:39:11Z","sss-us-4","Pratham Pradhan 4210 OAK FOREST CT SE APT L # 1 GRAND RAPIDS MI 49546-2407 United States","Pratham Pradhan 4210 OAK FOREST CT SE APT L # 1 GRAND RAPIDS MI 49546-2407 United States","AMZN_US(TBA023391681804)","Hamlet ( Folger Library Shakespeare)","Not Available","Not Available","Not Available","Not Available"
"Amazon.com","113-7026947-4507430","2021-10-10T21:57:10Z","Not Applicable","USD","6.25","0.38","0","0","6.63","25.65","1.54","1673303056","New","1","Visa - 2273","Closed","Shipped","2021-10-11T23:39:11Z","sss-us-4","Pratham Pradhan 4210 OAK FOREST CT SE APT L # 1 GRAND RAPIDS MI 49546-2407 United States","Pratham Pradhan 4210 OAK FOREST CT SE APT L # 1 GRAND RAPIDS MI 49546-2407 United States","AMZN_US(TBA023391681804)","Heart of Darkness","Not Available","Not Available","Not Available","Not Available"
"Amazon.com","113-7026947-4507430","2021-10-10T21:57:10Z","Not Applicable","USD","13.19","0.79","0","0","13.98","25.65","1.54","0618706410","New","1","Visa - 2273","Closed","Shipped","2021-10-11T23:39:11Z","sss-us-4","Pratham Pradhan 4210 OAK FOREST CT SE APT L # 1 GRAND RAPIDS MI 49546-2407 United States","Pratham Pradhan 4210 OAK FOREST CT SE APT L # 1 GRAND RAPIDS MI 49546-2407 United States","AMZN_US(TBA023391681804)","The Things They Carried","Not Available","Not Available","Not Available","Not Available"
"Amazon.com","114-2611023-4732221","2020-07-20T02:03:31Z","Not Applicable","USD","11.99","0","0","0","0","Not Available","Not Available","0763691003","New","0","Visa - 2273","Cancelled","Not Available","Not Available","sss-us-4","Pratham Pradhan 4210 OAK FOREST CT SE APT L # 1 GRAND RAPIDS MI 49546-2407 United States","Pratham Pradhan 4210 OAK FOREST CT SE APT L # 1 GRAND RAPIDS MI 49546-2407 United States","Not Available","Symphony for the City of the Dead: Dmitri Shostakovich and the Siege of Leningrad","Not Available","Not Available","Not Available","Not Available"
"Amazon.com","114-2611023-4732221","2020-07-20T02:03:31Z","Not Applicable","USD","6.94","0","0","0","0","Not Available","Not Available","0451524934","New","0","Visa - 2273","Cancelled","Not Available","Not Available","sss-us-4","Pratham Pradhan 4210 OAK FOREST CT SE APT L # 1 GRAND RAPIDS MI 49546-2407 United States","Pratham Pradhan 4210 OAK FOREST CT SE APT L # 1 GRAND RAPIDS MI 49546-2407 United States","Not Available","1984 (Signet Classics)","Not Available","Not Available","Not Available","Not Available"
"Amazon.com","114-2611023-4732221","2020-07-20T02:03:31Z","Not Applicable","USD","9.99","0","0","0","0","Not Available","Not Available","B07YDNKDZ8","New","0","Visa - 2273","Cancelled","Not Available","Not Available","sss-us-4","Pratham Pradhan 4210 OAK FOREST CT SE APT L # 1 GRAND RAPIDS MI 49546-2407 United States","Pratham Pradhan 4210 OAK FOREST CT SE APT L # 1 GRAND RAPIDS MI 49546-2407 United States","Not Available","Women's Heart Faux Fur Pom Pom Key Chains Bag Accessory Puffball Keyring Backpack Charms for Girls(pink)","Not Available","Not Available","Not Available","Not Available"
